lineID,timestamp,level,service,response_time_ms,memory_usage_mb,thread_count,anomaly_label,heuristic_anomaly
1,2025-07-01 00:00:00,INFO,UserService,79,162,4,0,0
2,2025-07-01 00:01:00,INFO,PaymentAPI,77,168,4,0,0
3,2025-07-01 00:02:00,DEBUG,OrderProcessor,81,161,4,0,0
4,2025-07-01 00:03:00,DEBUG,UserService,87,164,4,0,0
5,2025-07-01 00:04:00,INFO,AuthService,82,161,4,0,0
6,2025-07-01 00:05:00,INFO,PaymentAPI,85,152,4,0,0
7,2025-07-01 00:06:00,INFO,OrderProcessor,90,158,4,0,0
8,2025-07-01 00:07:00,DEBUG,OrderProcessor,83,173,4,0,0
9,2025-07-01 00:08:00,DEBUG,AuthService,77,160,4,0,0
10,2025-07-01 00:09:00,INFO,UserService,83,160,4,0,0
11,2025-07-01 00:10:00,DEBUG,OrderProcessor,76,157,3,0,0
12,2025-07-01 00:11:00,DEBUG,AuthService,69,157,4,0,0
13,2025-07-01 00:12:00,DEBUG,PaymentAPI,72,160,4,0,0
14,2025-07-01 00:13:00,DEBUG,UserService,82,151,4,0,0
15,2025-07-01 00:14:00,DEBUG,UserService,71,156,4,0,0
16,2025-07-01 00:15:00,INFO,OrderProcessor,82,162,4,0,0
17,2025-07-01 00:16:00,DEBUG,OrderProcessor,82,165,4,0,0
18,2025-07-01 00:17:00,DEBUG,UserService,81,160,4,0,0
19,2025-07-01 00:18:00,INFO,OrderProcessor,88,156,4,0,0
20,2025-07-01 00:19:00,WARN,OrderProcessor,80,163,4,0,0
21,2025-07-01 00:20:00,INFO,PaymentAPI,85,160,4,0,0
22,2025-07-01 00:21:00,DEBUG,OrderProcessor,84,163,4,0,0
23,2025-07-01 00:22:00,DEBUG,UserService,80,151,4,0,0
24,2025-07-01 00:23:00,DEBUG,OrderProcessor,73,155,4,0,0
25,2025-07-01 00:24:00,DEBUG,UserService,84,163,4,0,0
26,2025-07-01 00:25:00,DEBUG,OrderProcessor,77,158,4,0,0
27,2025-07-01 00:26:00,DEBUG,OrderProcessor,76,161,4,0,0
28,2025-07-01 00:27:00,DEBUG,AuthService,73,163,4,0,0
29,2025-07-01 00:28:00,DEBUG,OrderProcessor,93,171,4,0,0
30,2025-07-01 00:29:00,DEBUG,PaymentAPI,99,167,4,0,0
31,2025-07-01 00:30:00,DEBUG,PaymentAPI,101,185,4,0,0
32,2025-07-01 00:31:00,INFO,AuthService,127,184,5,0,0
33,2025-07-01 00:32:00,DEBUG,AuthService,141,197,5,0,0
34,2025-07-01 00:33:00,INFO,OrderProcessor,178,220,5,0,0
35,2025-07-01 00:34:00,DEBUG,PaymentAPI,231,257,6,0,0
36,2025-07-01 00:35:00,WARN,AuthService,315,321,7,0,0
37,2025-07-01 00:36:00,WARN,AuthService,441,401,9,0,0
38,2025-07-01 00:37:00,WARN,UserService,636,526,11,0,0
39,2025-07-01 00:38:00,WARN,UserService,917,720,15,0,0
40,2025-07-01 00:39:00,WARN,OrderProcessor,1366,1008,20,0,0
41,2025-07-01 00:40:00,ERROR,AuthService,1405,991,20,1,1
42,2025-07-01 00:41:00,DEBUG,AuthService,84,159,4,0,0
43,2025-07-01 00:42:00,DEBUG,PaymentAPI,81,158,4,0,0
44,2025-07-01 00:43:00,DEBUG,OrderProcessor,80,155,3,0,0
45,2025-07-01 00:44:00,DEBUG,OrderProcessor,90,164,4,0,0
46,2025-07-01 00:45:00,DEBUG,AuthService,83,165,4,0,0
47,2025-07-01 00:46:00,INFO,UserService,78,162,4,0,0
48,2025-07-01 00:47:00,DEBUG,AuthService,88,162,4,0,0
49,2025-07-01 00:48:00,DEBUG,UserService,81,158,4,0,0
50,2025-07-01 00:49:00,DEBUG,UserService,80,163,4,0,0
51,2025-07-01 00:50:00,WARN,OrderProcessor,75,163,4,0,0
52,2025-07-01 00:51:00,DEBUG,OrderProcessor,70,162,4,0,0
53,2025-07-01 00:52:00,DEBUG,PaymentAPI,78,164,4,0,0
54,2025-07-01 00:53:00,DEBUG,OrderProcessor,79,158,4,0,0
55,2025-07-01 00:54:00,WARN,OrderProcessor,69,168,4,0,0
56,2025-07-01 00:55:00,DEBUG,UserService,89,160,4,0,0
57,2025-07-01 00:56:00,INFO,AuthService,92,163,5,0,0
58,2025-07-01 00:57:00,INFO,OrderProcessor,76,163,4,0,0
59,2025-07-01 00:58:00,INFO,OrderProcessor,73,158,4,0,0
60,2025-07-01 00:59:00,DEBUG,OrderProcessor,75,162,4,0,0
61,2025-07-01 01:00:00,DEBUG,PaymentAPI,77,159,4,0,0
62,2025-07-01 01:01:00,DEBUG,AuthService,91,165,4,0,0
63,2025-07-01 01:02:00,DEBUG,UserService,74,157,4,0,0
64,2025-07-01 01:03:00,INFO,AuthService,78,157,4,0,0
65,2025-07-01 01:04:00,DEBUG,AuthService,85,161,4,0,0
66,2025-07-01 01:05:00,DEBUG,AuthService,85,156,4,0,0
67,2025-07-01 01:06:00,INFO,UserService,88,161,4,0,0
68,2025-07-01 01:07:00,DEBUG,UserService,77,161,4,0,0
69,2025-07-01 01:08:00,DEBUG,PaymentAPI,77,156,3,0,0
70,2025-07-01 01:09:00,DEBUG,UserService,86,160,4,0,0
71,2025-07-01 01:10:00,DEBUG,PaymentAPI,102,168,5,0,0
72,2025-07-01 01:11:00,DEBUG,OrderProcessor,112,168,5,0,0
73,2025-07-01 01:12:00,INFO,AuthService,115,181,6,0,0
74,2025-07-01 01:13:00,DEBUG,AuthService,136,188,7,0,0
75,2025-07-01 01:14:00,INFO,OrderProcessor,166,202,8,0,0
76,2025-07-01 01:15:00,INFO,UserService,221,238,11,0,0
77,2025-07-01 01:16:00,WARN,PaymentAPI,290,274,14,0,0
78,2025-07-01 01:17:00,INFO,PaymentAPI,398,328,20,0,0
79,2025-07-01 01:18:00,WARN,UserService,571,417,28,0,0
80,2025-07-01 01:19:00,INFO,PaymentAPI,832,558,40,0,0
81,2025-07-01 01:20:00,ERROR,AuthService,810,563,40,1,1
82,2025-07-01 01:21:00,DEBUG,OrderProcessor,76,164,4,0,0
83,2025-07-01 01:22:00,DEBUG,PaymentAPI,83,159,4,0,0
84,2025-07-01 01:23:00,DEBUG,UserService,78,166,4,0,0
85,2025-07-01 01:24:00,DEBUG,OrderProcessor,79,157,4,0,0
86,2025-07-01 01:25:00,INFO,AuthService,73,159,4,0,0
87,2025-07-01 01:26:00,DEBUG,PaymentAPI,72,162,4,0,0
88,2025-07-01 01:27:00,DEBUG,AuthService,85,159,5,0,0
89,2025-07-01 01:28:00,DEBUG,UserService,75,156,4,0,0
90,2025-07-01 01:29:00,DEBUG,OrderProcessor,83,158,4,0,0
91,2025-07-01 01:30:00,DEBUG,PaymentAPI,82,159,3,0,0
92,2025-07-01 01:31:00,DEBUG,PaymentAPI,81,160,4,0,0
93,2025-07-01 01:32:00,DEBUG,AuthService,72,156,4,0,0
94,2025-07-01 01:33:00,DEBUG,OrderProcessor,77,160,4,0,0
95,2025-07-01 01:34:00,ERROR,UserService,80,156,4,1,1
96,2025-07-01 01:35:00,INFO,AuthService,73,150,4,0,0
97,2025-07-01 01:36:00,INFO,OrderProcessor,75,162,4,0,0
98,2025-07-01 01:37:00,INFO,PaymentAPI,82,155,4,0,0
99,2025-07-01 01:38:00,DEBUG,OrderProcessor,80,159,4,0,0
100,2025-07-01 01:39:00,DEBUG,UserService,88,158,4,0,0
101,2025-07-01 01:40:00,INFO,AuthService,90,154,4,0,0
102,2025-07-01 01:41:00,INFO,PaymentAPI,78,162,4,0,0
103,2025-07-01 01:42:00,DEBUG,AuthService,88,151,4,0,0
104,2025-07-01 01:43:00,DEBUG,UserService,77,164,4,0,0
105,2025-07-01 01:44:00,DEBUG,PaymentAPI,79,162,4,0,0
106,2025-07-01 01:45:00,DEBUG,PaymentAPI,77,161,4,0,0
107,2025-07-01 01:46:00,INFO,AuthService,93,166,4,0,0
108,2025-07-01 01:47:00,WARN,UserService,84,168,4,0,0
109,2025-07-01 01:48:00,INFO,AuthService,76,162,4,0,0
110,2025-07-01 01:49:00,WARN,AuthService,79,162,4,0,0
111,2025-07-01 01:50:00,INFO,PaymentAPI,99,160,5,0,0
112,2025-07-01 01:51:00,DEBUG,AuthService,125,168,4,0,0
113,2025-07-01 01:52:00,DEBUG,UserService,129,174,5,0,0
114,2025-07-01 01:53:00,WARN,OrderProcessor,157,193,6,0,0
115,2025-07-01 01:54:00,INFO,PaymentAPI,191,212,7,0,0
116,2025-07-01 01:55:00,WARN,OrderProcessor,257,236,8,0,0
117,2025-07-01 01:56:00,INFO,OrderProcessor,346,265,11,0,0
118,2025-07-01 01:57:00,WARN,UserService,482,330,14,0,0
119,2025-07-01 01:58:00,INFO,OrderProcessor,700,418,20,0,0
120,2025-07-01 01:59:00,INFO,OrderProcessor,1025,550,28,0,0
121,2025-07-01 02:00:00,ERROR,UserService,1035,549,28,1,1
122,2025-07-01 02:01:00,INFO,AuthService,73,159,4,0,0
123,2025-07-01 02:02:00,INFO,AuthService,70,156,4,0,0
124,2025-07-01 02:03:00,INFO,AuthService,79,150,4,0,0
125,2025-07-01 02:04:00,DEBUG,AuthService,90,162,4,0,0
126,2025-07-01 02:05:00,DEBUG,OrderProcessor,77,158,4,0,0
127,2025-07-01 02:06:00,DEBUG,PaymentAPI,72,169,4,0,0
128,2025-07-01 02:07:00,INFO,PaymentAPI,79,156,4,0,0
129,2025-07-01 02:08:00,INFO,UserService,93,160,5,0,0
130,2025-07-01 02:09:00,INFO,OrderProcessor,71,157,4,0,0
131,2025-07-01 02:10:00,DEBUG,AuthService,81,176,4,0,0
132,2025-07-01 02:11:00,DEBUG,PaymentAPI,85,159,4,0,0
133,2025-07-01 02:12:00,INFO,UserService,76,165,4,0,0
134,2025-07-01 02:13:00,DEBUG,UserService,83,164,4,0,0
135,2025-07-01 02:14:00,DEBUG,PaymentAPI,82,160,4,0,0
136,2025-07-01 02:15:00,DEBUG,PaymentAPI,83,162,4,0,0
137,2025-07-01 02:16:00,DEBUG,AuthService,76,158,5,0,0
138,2025-07-01 02:17:00,DEBUG,UserService,86,156,4,0,0
139,2025-07-01 02:18:00,INFO,OrderProcessor,73,156,4,0,0
140,2025-07-01 02:19:00,DEBUG,PaymentAPI,83,154,4,0,0
141,2025-07-01 02:20:00,INFO,UserService,77,158,4,0,0
142,2025-07-01 02:21:00,INFO,OrderProcessor,81,161,4,0,0
143,2025-07-01 02:22:00,DEBUG,PaymentAPI,88,163,4,0,0
144,2025-07-01 02:23:00,DEBUG,UserService,71,161,4,0,0
145,2025-07-01 02:24:00,DEBUG,PaymentAPI,78,162,4,0,0
146,2025-07-01 02:25:00,DEBUG,OrderProcessor,67,160,4,0,0
147,2025-07-01 02:26:00,DEBUG,AuthService,91,168,4,0,0
148,2025-07-01 02:27:00,DEBUG,OrderProcessor,85,161,4,0,0
149,2025-07-01 02:28:00,INFO,OrderProcessor,75,156,4,0,0
150,2025-07-01 02:29:00,DEBUG,PaymentAPI,94,158,4,0,0
151,2025-07-01 02:30:00,DEBUG,AuthService,96,173,5,0,0
152,2025-07-01 02:31:00,WARN,UserService,110,179,5,0,0
153,2025-07-01 02:32:00,INFO,UserService,133,199,5,0,0
154,2025-07-01 02:33:00,INFO,UserService,168,217,8,0,0
155,2025-07-01 02:34:00,DEBUG,PaymentAPI,226,246,9,0,0
156,2025-07-01 02:35:00,WARN,AuthService,302,290,12,0,0
157,2025-07-01 02:36:00,INFO,UserService,412,364,17,0,0
158,2025-07-01 02:37:00,WARN,OrderProcessor,593,469,24,0,0
159,2025-07-01 02:38:00,INFO,AuthService,863,633,34,0,0
160,2025-07-01 02:39:00,WARN,AuthService,1271,879,50,0,0
161,2025-07-01 02:40:00,ERROR,PaymentAPI,1265,888,51,1,1
162,2025-07-01 02:41:00,DEBUG,UserService,85,160,3,0,0
163,2025-07-01 02:42:00,INFO,UserService,74,160,4,0,0
164,2025-07-01 02:43:00,INFO,AuthService,77,157,4,0,0
165,2025-07-01 02:44:00,ERROR,OrderProcessor,76,164,4,1,1
166,2025-07-01 02:45:00,INFO,AuthService,80,169,4,0,0
167,2025-07-01 02:46:00,INFO,OrderProcessor,89,165,4,0,0
168,2025-07-01 02:47:00,DEBUG,PaymentAPI,78,153,4,0,0
169,2025-07-01 02:48:00,WARN,PaymentAPI,82,155,4,0,0
170,2025-07-01 02:49:00,DEBUG,UserService,81,167,4,0,0
171,2025-07-01 02:50:00,INFO,PaymentAPI,76,157,4,0,0
172,2025-07-01 02:51:00,DEBUG,PaymentAPI,83,154,4,0,0
173,2025-07-01 02:52:00,DEBUG,PaymentAPI,84,162,4,0,0
174,2025-07-01 02:53:00,DEBUG,UserService,81,155,3,0,0
175,2025-07-01 02:54:00,DEBUG,UserService,84,160,4,0,0
176,2025-07-01 02:55:00,INFO,PaymentAPI,70,164,5,0,0
177,2025-07-01 02:56:00,INFO,PaymentAPI,79,156,4,0,0
178,2025-07-01 02:57:00,DEBUG,OrderProcessor,76,157,4,0,0
179,2025-07-01 02:58:00,DEBUG,AuthService,82,161,4,0,0
180,2025-07-01 02:59:00,DEBUG,PaymentAPI,80,157,4,0,0
181,2025-07-01 03:00:00,DEBUG,UserService,73,158,4,0,0
182,2025-07-01 03:01:00,DEBUG,PaymentAPI,77,161,4,0,0
183,2025-07-01 03:02:00,INFO,OrderProcessor,83,161,4,0,0
184,2025-07-01 03:03:00,WARN,PaymentAPI,74,164,4,0,0
185,2025-07-01 03:04:00,DEBUG,OrderProcessor,75,167,4,0,0
186,2025-07-01 03:05:00,INFO,AuthService,84,156,5,0,0
187,2025-07-01 03:06:00,INFO,AuthService,75,162,4,0,0
188,2025-07-01 03:07:00,DEBUG,OrderProcessor,89,168,4,0,0
189,2025-07-01 03:08:00,INFO,OrderProcessor,84,169,4,0,0
190,2025-07-01 03:09:00,DEBUG,AuthService,91,162,4,0,0
191,2025-07-01 03:10:00,INFO,PaymentAPI,93,162,5,0,0
192,2025-07-01 03:11:00,WARN,PaymentAPI,96,174,5,0,0
193,2025-07-01 03:12:00,DEBUG,PaymentAPI,103,176,6,0,0
194,2025-07-01 03:13:00,DEBUG,UserService,127,186,8,0,0
195,2025-07-01 03:14:00,INFO,AuthService,158,208,10,0,0
196,2025-07-01 03:15:00,WARN,UserService,197,227,13,0,0
197,2025-07-01 03:16:00,WARN,OrderProcessor,260,269,17,0,0
198,2025-07-01 03:17:00,WARN,OrderProcessor,364,318,25,0,0
199,2025-07-01 03:18:00,WARN,AuthService,508,408,35,0,0
200,2025-07-01 03:19:00,WARN,OrderProcessor,735,534,52,0,0
201,2025-07-01 03:20:00,ERROR,PaymentAPI,719,544,52,1,1
202,2025-07-01 03:21:00,WARN,PaymentAPI,85,156,5,0,0
203,2025-07-01 03:22:00,DEBUG,AuthService,81,159,3,0,0
204,2025-07-01 03:23:00,INFO,OrderProcessor,86,157,4,0,0
205,2025-07-01 03:24:00,INFO,OrderProcessor,78,166,4,0,0
206,2025-07-01 03:25:00,INFO,AuthService,75,163,4,0,0
207,2025-07-01 03:26:00,DEBUG,OrderProcessor,77,157,4,0,0
208,2025-07-01 03:27:00,DEBUG,OrderProcessor,80,156,4,0,0
209,2025-07-01 03:28:00,DEBUG,UserService,80,163,5,0,0
210,2025-07-01 03:29:00,INFO,OrderProcessor,80,155,4,0,0
211,2025-07-01 03:30:00,DEBUG,OrderProcessor,80,160,4,0,0
212,2025-07-01 03:31:00,DEBUG,AuthService,87,158,4,0,0
213,2025-07-01 03:32:00,INFO,AuthService,85,159,4,0,0
214,2025-07-01 03:33:00,DEBUG,AuthService,83,156,4,0,0
215,2025-07-01 03:34:00,DEBUG,PaymentAPI,86,157,4,0,0
216,2025-07-01 03:35:00,DEBUG,PaymentAPI,78,156,4,0,0
217,2025-07-01 03:36:00,DEBUG,OrderProcessor,70,162,4,0,0
218,2025-07-01 03:37:00,DEBUG,PaymentAPI,71,158,4,0,0
219,2025-07-01 03:38:00,DEBUG,PaymentAPI,75,167,4,0,0
220,2025-07-01 03:39:00,WARN,UserService,71,160,4,0,0
221,2025-07-01 03:40:00,INFO,OrderProcessor,80,157,3,0,0
222,2025-07-01 03:41:00,DEBUG,OrderProcessor,81,165,4,0,0
223,2025-07-01 03:42:00,DEBUG,UserService,83,162,4,0,0
224,2025-07-01 03:43:00,DEBUG,PaymentAPI,72,168,4,0,0
225,2025-07-01 03:44:00,INFO,OrderProcessor,79,154,4,0,0
226,2025-07-01 03:45:00,WARN,PaymentAPI,83,168,4,0,0
227,2025-07-01 03:46:00,DEBUG,PaymentAPI,70,161,4,0,0
228,2025-07-01 03:47:00,DEBUG,AuthService,81,158,4,0,0
229,2025-07-01 03:48:00,INFO,PaymentAPI,77,162,4,0,0
230,2025-07-01 03:49:00,DEBUG,OrderProcessor,87,171,4,0,0
231,2025-07-01 03:50:00,INFO,AuthService,98,172,4,0,0
232,2025-07-01 03:51:00,DEBUG,OrderProcessor,110,190,5,0,0
233,2025-07-01 03:52:00,DEBUG,OrderProcessor,129,202,5,0,0
234,2025-07-01 03:53:00,INFO,AuthService,163,229,6,0,0
235,2025-07-01 03:54:00,DEBUG,UserService,213,268,6,0,0
236,2025-07-01 03:55:00,WARN,AuthService,297,328,8,0,0
237,2025-07-01 03:56:00,WARN,AuthService,411,414,10,0,0
238,2025-07-01 03:57:00,WARN,PaymentAPI,588,549,13,0,0
239,2025-07-01 03:58:00,WARN,OrderProcessor,855,755,17,0,0
240,2025-07-01 03:59:00,WARN,OrderProcessor,1265,1066,24,0,0
241,2025-07-01 04:00:00,ERROR,UserService,1255,1061,26,1,1
242,2025-07-01 04:01:00,INFO,OrderProcessor,83,160,4,0,0
243,2025-07-01 04:02:00,INFO,PaymentAPI,89,160,4,0,0
244,2025-07-01 04:03:00,DEBUG,PaymentAPI,77,157,4,0,0
245,2025-07-01 04:04:00,DEBUG,UserService,80,158,4,0,0
246,2025-07-01 04:05:00,WARN,PaymentAPI,72,166,4,0,0
247,2025-07-01 04:06:00,DEBUG,UserService,78,155,4,0,0
248,2025-07-01 04:07:00,ERROR,UserService,75,158,4,1,1
249,2025-07-01 04:08:00,DEBUG,UserService,90,162,3,0,0
250,2025-07-01 04:09:00,DEBUG,AuthService,79,157,4,0,0
251,2025-07-01 04:10:00,ERROR,OrderProcessor,78,161,4,1,1
252,2025-07-01 04:11:00,WARN,AuthService,86,163,4,0,0
253,2025-07-01 04:12:00,DEBUG,OrderProcessor,92,157,4,0,0
254,2025-07-01 04:13:00,INFO,OrderProcessor,78,158,4,0,0
255,2025-07-01 04:14:00,DEBUG,AuthService,83,160,4,0,0
256,2025-07-01 04:15:00,DEBUG,AuthService,79,160,5,0,0
257,2025-07-01 04:16:00,WARN,PaymentAPI,75,158,3,0,0
258,2025-07-01 04:17:00,DEBUG,AuthService,76,171,4,0,0
259,2025-07-01 04:18:00,DEBUG,OrderProcessor,84,158,4,0,0
260,2025-07-01 04:19:00,DEBUG,AuthService,91,156,4,0,0
261,2025-07-01 04:20:00,DEBUG,UserService,86,166,4,0,0
262,2025-07-01 04:21:00,WARN,UserService,83,167,4,0,0
263,2025-07-01 04:22:00,DEBUG,AuthService,80,156,4,0,0
264,2025-07-01 04:23:00,DEBUG,OrderProcessor,83,160,4,0,0
265,2025-07-01 04:24:00,INFO,UserService,82,166,4,0,0
266,2025-07-01 04:25:00,INFO,OrderProcessor,74,161,3,0,0
267,2025-07-01 04:26:00,INFO,UserService,77,162,4,0,0
268,2025-07-01 04:27:00,INFO,UserService,78,165,4,0,0
269,2025-07-01 04:28:00,INFO,UserService,92,163,4,0,0
270,2025-07-01 04:29:00,INFO,PaymentAPI,83,166,4,0,0
271,2025-07-01 04:30:00,DEBUG,OrderProcessor,92,177,4,0,0
272,2025-07-01 04:31:00,DEBUG,AuthService,91,185,5,0,0
273,2025-07-01 04:32:00,WARN,AuthService,122,200,6,0,0
274,2025-07-01 04:33:00,WARN,UserService,138,219,6,0,0
275,2025-07-01 04:34:00,DEBUG,PaymentAPI,171,259,9,0,0
276,2025-07-01 04:35:00,INFO,PaymentAPI,227,307,10,0,0
277,2025-07-01 04:36:00,WARN,OrderProcessor,300,390,13,0,0
278,2025-07-01 04:37:00,INFO,UserService,408,508,17,0,0
279,2025-07-01 04:38:00,INFO,UserService,587,693,24,0,0
280,2025-07-01 04:39:00,WARN,OrderProcessor,852,972,35,0,0
281,2025-07-01 04:40:00,ERROR,UserService,825,981,35,1,1
282,2025-07-01 04:41:00,DEBUG,AuthService,86,162,4,0,0
283,2025-07-01 04:42:00,INFO,OrderProcessor,77,162,4,0,0
284,2025-07-01 04:43:00,INFO,OrderProcessor,81,161,4,0,0
285,2025-07-01 04:44:00,DEBUG,AuthService,64,154,4,0,0
286,2025-07-01 04:45:00,DEBUG,UserService,83,155,4,0,0
287,2025-07-01 04:46:00,INFO,PaymentAPI,70,156,4,0,0
288,2025-07-01 04:47:00,DEBUG,UserService,83,158,4,0,0
289,2025-07-01 04:48:00,DEBUG,UserService,84,162,4,0,0
290,2025-07-01 04:49:00,DEBUG,AuthService,89,161,4,0,0
291,2025-07-01 04:50:00,DEBUG,AuthService,77,158,4,0,0
292,2025-07-01 04:51:00,DEBUG,AuthService,75,162,4,0,0
293,2025-07-01 04:52:00,INFO,AuthService,73,162,4,0,0
294,2025-07-01 04:53:00,DEBUG,UserService,72,160,4,0,0
295,2025-07-01 04:54:00,WARN,OrderProcessor,90,155,4,0,0
296,2025-07-01 04:55:00,DEBUG,AuthService,86,169,4,0,0
297,2025-07-01 04:56:00,DEBUG,OrderProcessor,82,162,4,0,0
298,2025-07-01 04:57:00,DEBUG,UserService,76,167,4,0,0
299,2025-07-01 04:58:00,INFO,PaymentAPI,89,162,4,0,0
300,2025-07-01 04:59:00,INFO,PaymentAPI,73,155,4,0,0
301,2025-07-01 05:00:00,INFO,UserService,78,164,4,0,0
302,2025-07-01 05:01:00,DEBUG,UserService,77,158,4,0,0
303,2025-07-01 05:02:00,DEBUG,PaymentAPI,75,161,4,0,0
304,2025-07-01 05:03:00,INFO,OrderProcessor,82,166,4,0,0
305,2025-07-01 05:04:00,DEBUG,UserService,82,163,4,0,0
306,2025-07-01 05:05:00,DEBUG,AuthService,83,165,4,0,0
307,2025-07-01 05:06:00,INFO,PaymentAPI,84,158,4,0,0
308,2025-07-01 05:07:00,DEBUG,UserService,75,164,4,0,0
309,2025-07-01 05:08:00,INFO,PaymentAPI,94,168,4,0,0
310,2025-07-01 05:09:00,INFO,PaymentAPI,90,167,4,0,0
311,2025-07-01 05:10:00,DEBUG,PaymentAPI,99,164,4,0,0
312,2025-07-01 05:11:00,INFO,UserService,111,170,5,0,0
313,2025-07-01 05:12:00,INFO,UserService,137,183,5,0,0
314,2025-07-01 05:13:00,INFO,UserService,177,198,6,0,0
315,2025-07-01 05:14:00,DEBUG,OrderProcessor,233,218,7,0,0
316,2025-07-01 05:15:00,INFO,OrderProcessor,319,250,8,0,0
317,2025-07-01 05:16:00,WARN,UserService,445,301,11,0,0
318,2025-07-01 05:17:00,WARN,UserService,648,374,14,0,0
319,2025-07-01 05:18:00,WARN,AuthService,941,485,19,0,0
320,2025-07-01 05:19:00,WARN,PaymentAPI,1391,650,27,0,0
321,2025-07-01 05:20:00,ERROR,UserService,1392,670,27,1,1
322,2025-07-01 05:21:00,WARN,AuthService,82,157,4,0,0
323,2025-07-01 05:22:00,INFO,OrderProcessor,77,164,4,0,0
324,2025-07-01 05:23:00,DEBUG,OrderProcessor,78,159,4,0,0
325,2025-07-01 05:24:00,DEBUG,AuthService,79,163,4,0,0
326,2025-07-01 05:25:00,DEBUG,AuthService,75,151,4,0,0
327,2025-07-01 05:26:00,ERROR,UserService,78,162,4,1,1
328,2025-07-01 05:27:00,DEBUG,OrderProcessor,74,161,5,0,0
329,2025-07-01 05:28:00,DEBUG,PaymentAPI,76,165,4,0,0
330,2025-07-01 05:29:00,DEBUG,PaymentAPI,84,155,4,0,0
331,2025-07-01 05:30:00,INFO,OrderProcessor,76,166,4,0,0
332,2025-07-01 05:31:00,INFO,UserService,94,158,4,0,0
333,2025-07-01 05:32:00,DEBUG,AuthService,79,155,4,0,0
334,2025-07-01 05:33:00,INFO,OrderProcessor,88,156,4,0,0
335,2025-07-01 05:34:00,INFO,UserService,75,153,4,0,0
336,2025-07-01 05:35:00,WARN,AuthService,82,162,4,0,0
337,2025-07-01 05:36:00,DEBUG,UserService,93,160,4,0,0
338,2025-07-01 05:37:00,DEBUG,UserService,76,160,4,0,0
339,2025-07-01 05:38:00,INFO,PaymentAPI,82,153,4,0,0
340,2025-07-01 05:39:00,DEBUG,PaymentAPI,91,158,4,0,0
341,2025-07-01 05:40:00,DEBUG,OrderProcessor,80,159,4,0,0
342,2025-07-01 05:41:00,INFO,AuthService,83,162,3,0,0
343,2025-07-01 05:42:00,DEBUG,AuthService,87,166,4,0,0
344,2025-07-01 05:43:00,INFO,UserService,80,160,4,0,0
345,2025-07-01 05:44:00,INFO,PaymentAPI,70,159,4,0,0
346,2025-07-01 05:45:00,DEBUG,PaymentAPI,93,155,4,0,0
347,2025-07-01 05:46:00,DEBUG,AuthService,74,159,4,0,0
348,2025-07-01 05:47:00,DEBUG,UserService,71,156,4,0,0
349,2025-07-01 05:48:00,INFO,OrderProcessor,86,161,4,0,0
350,2025-07-01 05:49:00,DEBUG,PaymentAPI,80,162,4,0,0
351,2025-07-01 05:50:00,ERROR,AuthService,96,170,5,1,1
352,2025-07-01 05:51:00,DEBUG,PaymentAPI,112,172,6,0,0
353,2025-07-01 05:52:00,DEBUG,OrderProcessor,133,182,7,0,0
354,2025-07-01 05:53:00,INFO,UserService,170,201,8,0,0
355,2025-07-01 05:54:00,DEBUG,PaymentAPI,220,224,9,0,0
356,2025-07-01 05:55:00,WARN,PaymentAPI,305,257,14,0,0
357,2025-07-01 05:56:00,WARN,PaymentAPI,414,304,18,0,0
358,2025-07-01 05:57:00,WARN,AuthService,605,384,26,0,0
359,2025-07-01 05:58:00,WARN,OrderProcessor,869,503,37,0,0
360,2025-07-01 05:59:00,WARN,OrderProcessor,1279,682,55,0,0
361,2025-07-01 06:00:00,ERROR,PaymentAPI,1286,667,55,1,1
362,2025-07-01 06:01:00,DEBUG,UserService,92,159,3,0,0
363,2025-07-01 06:02:00,INFO,AuthService,77,160,3,0,0
364,2025-07-01 06:03:00,INFO,AuthService,80,163,4,0,0
365,2025-07-01 06:04:00,INFO,AuthService,91,167,4,0,0
366,2025-07-01 06:05:00,INFO,OrderProcessor,79,156,4,0,0
367,2025-07-01 06:06:00,DEBUG,PaymentAPI,77,160,4,0,0
368,2025-07-01 06:07:00,INFO,AuthService,87,156,4,0,0
369,2025-07-01 06:08:00,INFO,OrderProcessor,85,160,4,0,0
370,2025-07-01 06:09:00,DEBUG,PaymentAPI,86,168,4,0,0
371,2025-07-01 06:10:00,INFO,UserService,82,155,4,0,0
372,2025-07-01 06:11:00,INFO,OrderProcessor,84,165,4,0,0
373,2025-07-01 06:12:00,DEBUG,UserService,83,161,4,0,0
374,2025-07-01 06:13:00,INFO,UserService,76,159,4,0,0
375,2025-07-01 06:14:00,DEBUG,OrderProcessor,95,156,4,0,0
376,2025-07-01 06:15:00,DEBUG,OrderProcessor,81,161,4,0,0
377,2025-07-01 06:16:00,INFO,UserService,91,166,4,0,0
378,2025-07-01 06:17:00,INFO,UserService,77,158,4,0,0
379,2025-07-01 06:18:00,WARN,PaymentAPI,86,164,4,0,0
380,2025-07-01 06:19:00,DEBUG,UserService,76,158,4,0,0
381,2025-07-01 06:20:00,DEBUG,OrderProcessor,74,158,4,0,0
382,2025-07-01 06:21:00,DEBUG,OrderProcessor,80,158,4,0,0
383,2025-07-01 06:22:00,INFO,AuthService,69,156,4,0,0
384,2025-07-01 06:23:00,DEBUG,PaymentAPI,76,156,4,0,0
385,2025-07-01 06:24:00,DEBUG,PaymentAPI,82,155,4,0,0
386,2025-07-01 06:25:00,DEBUG,UserService,77,154,4,0,0
387,2025-07-01 06:26:00,DEBUG,PaymentAPI,69,163,4,0,0
388,2025-07-01 06:27:00,DEBUG,OrderProcessor,74,163,4,0,0
389,2025-07-01 06:28:00,ERROR,AuthService,86,158,4,1,1
390,2025-07-01 06:29:00,INFO,AuthService,92,166,3,0,0
391,2025-07-01 06:30:00,DEBUG,PaymentAPI,105,169,4,0,0
392,2025-07-01 06:31:00,INFO,OrderProcessor,115,177,5,0,0
393,2025-07-01 06:32:00,WARN,UserService,140,204,5,0,0
394,2025-07-01 06:33:00,DEBUG,AuthService,176,214,5,0,0
395,2025-07-01 06:34:00,WARN,AuthService,241,253,5,0,0
396,2025-07-01 06:35:00,INFO,UserService,319,293,8,0,0
397,2025-07-01 06:36:00,WARN,AuthService,439,372,10,0,0
398,2025-07-01 06:37:00,WARN,UserService,634,480,13,0,0
399,2025-07-01 06:38:00,WARN,AuthService,921,651,17,0,0
400,2025-07-01 06:39:00,WARN,OrderProcessor,1365,905,24,0,0
401,2025-07-01 06:40:00,ERROR,OrderProcessor,1355,906,24,1,1
402,2025-07-01 06:41:00,DEBUG,OrderProcessor,77,157,4,0,0
403,2025-07-01 06:42:00,INFO,OrderProcessor,78,157,4,0,0
404,2025-07-01 06:43:00,INFO,AuthService,79,155,4,0,0
405,2025-07-01 06:44:00,DEBUG,UserService,82,158,4,0,0
406,2025-07-01 06:45:00,INFO,PaymentAPI,78,162,4,0,0
407,2025-07-01 06:46:00,INFO,UserService,82,164,3,0,0
408,2025-07-01 06:47:00,DEBUG,AuthService,83,160,3,0,0
409,2025-07-01 06:48:00,DEBUG,PaymentAPI,74,157,4,0,0
410,2025-07-01 06:49:00,DEBUG,PaymentAPI,80,156,4,0,0
411,2025-07-01 06:50:00,DEBUG,PaymentAPI,77,165,4,0,0
412,2025-07-01 06:51:00,DEBUG,AuthService,78,160,4,0,0
413,2025-07-01 06:52:00,DEBUG,AuthService,82,159,4,0,0
414,2025-07-01 06:53:00,DEBUG,UserService,82,156,4,0,0
415,2025-07-01 06:54:00,WARN,AuthService,84,155,4,0,0
416,2025-07-01 06:55:00,INFO,AuthService,85,164,4,0,0
417,2025-07-01 06:56:00,INFO,PaymentAPI,89,162,4,0,0
418,2025-07-01 06:57:00,INFO,PaymentAPI,83,159,4,0,0
419,2025-07-01 06:58:00,INFO,AuthService,77,165,4,0,0
420,2025-07-01 06:59:00,DEBUG,PaymentAPI,83,161,4,0,0
421,2025-07-01 07:00:00,DEBUG,PaymentAPI,88,162,4,0,0
422,2025-07-01 07:01:00,INFO,AuthService,75,155,4,0,0
423,2025-07-01 07:02:00,DEBUG,PaymentAPI,91,156,4,0,0
424,2025-07-01 07:03:00,DEBUG,OrderProcessor,81,164,4,0,0
425,2025-07-01 07:04:00,DEBUG,AuthService,79,168,4,0,0
426,2025-07-01 07:05:00,INFO,PaymentAPI,81,161,4,0,0
427,2025-07-01 07:06:00,INFO,PaymentAPI,76,170,4,0,0
428,2025-07-01 07:07:00,DEBUG,PaymentAPI,80,160,4,0,0
429,2025-07-01 07:08:00,DEBUG,OrderProcessor,82,159,4,0,0
430,2025-07-01 07:09:00,ERROR,PaymentAPI,108,171,4,1,1
431,2025-07-01 07:10:00,INFO,OrderProcessor,107,180,5,0,0
432,2025-07-01 07:11:00,INFO,AuthService,112,189,5,0,0
433,2025-07-01 07:12:00,INFO,AuthService,144,204,7,0,0
434,2025-07-01 07:13:00,INFO,PaymentAPI,184,224,6,0,0
435,2025-07-01 07:14:00,DEBUG,UserService,247,257,9,0,0
436,2025-07-01 07:15:00,WARN,UserService,302,300,11,0,0
437,2025-07-01 07:16:00,INFO,PaymentAPI,458,379,16,0,0
438,2025-07-01 07:17:00,WARN,AuthService,639,496,22,0,0
439,2025-07-01 07:18:00,INFO,AuthService,931,678,32,0,0
440,2025-07-01 07:19:00,WARN,OrderProcessor,1379,944,47,0,0
441,2025-07-01 07:20:00,ERROR,OrderProcessor,1381,944,46,1,1
442,2025-07-01 07:21:00,INFO,OrderProcessor,74,162,4,0,0
443,2025-07-01 07:22:00,DEBUG,PaymentAPI,89,163,4,0,0
444,2025-07-01 07:23:00,INFO,AuthService,83,156,4,0,0
445,2025-07-01 07:24:00,WARN,PaymentAPI,84,152,5,0,0
446,2025-07-01 07:25:00,DEBUG,UserService,84,163,3,0,0
447,2025-07-01 07:26:00,INFO,UserService,82,158,3,0,0
448,2025-07-01 07:27:00,DEBUG,OrderProcessor,78,156,4,0,0
449,2025-07-01 07:28:00,WARN,OrderProcessor,89,163,4,0,0
450,2025-07-01 07:29:00,INFO,UserService,73,155,4,0,0
451,2025-07-01 07:30:00,DEBUG,PaymentAPI,84,162,4,0,0
452,2025-07-01 07:31:00,INFO,UserService,86,160,4,0,0
453,2025-07-01 07:32:00,INFO,PaymentAPI,78,162,4,0,0
454,2025-07-01 07:33:00,DEBUG,UserService,81,160,4,0,0
455,2025-07-01 07:34:00,DEBUG,AuthService,76,156,4,0,0
456,2025-07-01 07:35:00,INFO,PaymentAPI,86,158,4,0,0
457,2025-07-01 07:36:00,INFO,PaymentAPI,85,155,4,0,0
458,2025-07-01 07:37:00,INFO,PaymentAPI,82,163,4,0,0
459,2025-07-01 07:38:00,INFO,UserService,83,156,4,0,0
460,2025-07-01 07:39:00,WARN,PaymentAPI,90,159,4,0,0
461,2025-07-01 07:40:00,DEBUG,UserService,82,157,3,0,0
462,2025-07-01 07:41:00,DEBUG,UserService,76,162,5,0,0
463,2025-07-01 07:42:00,DEBUG,PaymentAPI,80,157,4,0,0
464,2025-07-01 07:43:00,DEBUG,OrderProcessor,80,163,4,0,0
465,2025-07-01 07:44:00,DEBUG,OrderProcessor,69,162,4,0,0
466,2025-07-01 07:45:00,INFO,PaymentAPI,87,163,4,0,0
467,2025-07-01 07:46:00,DEBUG,PaymentAPI,71,162,5,0,0
468,2025-07-01 07:47:00,INFO,UserService,83,159,4,0,0
469,2025-07-01 07:48:00,INFO,PaymentAPI,87,168,4,0,0
470,2025-07-01 07:49:00,WARN,UserService,97,168,4,0,0
471,2025-07-01 07:50:00,INFO,PaymentAPI,100,183,5,0,0
472,2025-07-01 07:51:00,DEBUG,AuthService,113,177,5,0,0
473,2025-07-01 07:52:00,DEBUG,AuthService,131,194,5,0,0
474,2025-07-01 07:53:00,DEBUG,UserService,167,218,7,0,0
475,2025-07-01 07:54:00,INFO,PaymentAPI,210,250,8,0,0
476,2025-07-01 07:55:00,WARN,PaymentAPI,292,302,10,0,0
477,2025-07-01 07:56:00,WARN,OrderProcessor,393,380,13,0,0
478,2025-07-01 07:57:00,INFO,OrderProcessor,559,493,18,0,0
479,2025-07-01 07:58:00,WARN,PaymentAPI,802,663,26,0,0
480,2025-07-01 07:59:00,INFO,AuthService,1183,925,37,0,0
481,2025-07-01 08:00:00,ERROR,OrderProcessor,1196,932,37,1,1
482,2025-07-01 08:01:00,WARN,AuthService,82,155,4,0,0
483,2025-07-01 08:02:00,DEBUG,OrderProcessor,77,158,4,0,0
484,2025-07-01 08:03:00,INFO,PaymentAPI,69,159,4,0,0
485,2025-07-01 08:04:00,DEBUG,AuthService,90,161,4,0,0
486,2025-07-01 08:05:00,DEBUG,PaymentAPI,78,167,4,0,0
487,2025-07-01 08:06:00,DEBUG,UserService,89,161,4,0,0
488,2025-07-01 08:07:00,DEBUG,UserService,76,168,4,0,0
489,2025-07-01 08:08:00,DEBUG,PaymentAPI,79,163,4,0,0
490,2025-07-01 08:09:00,WARN,OrderProcessor,71,164,4,0,0
491,2025-07-01 08:10:00,INFO,AuthService,80,152,4,0,0
492,2025-07-01 08:11:00,INFO,UserService,70,166,4,0,0
493,2025-07-01 08:12:00,INFO,UserService,85,155,4,0,0
494,2025-07-01 08:13:00,DEBUG,AuthService,83,161,5,0,0
495,2025-07-01 08:14:00,INFO,PaymentAPI,90,153,4,0,0
496,2025-07-01 08:15:00,DEBUG,PaymentAPI,78,156,4,0,0
497,2025-07-01 08:16:00,INFO,UserService,70,159,4,0,0
498,2025-07-01 08:17:00,DEBUG,UserService,71,165,4,0,0
499,2025-07-01 08:18:00,INFO,AuthService,65,161,4,0,0
500,2025-07-01 08:19:00,DEBUG,PaymentAPI,90,161,4,0,0
501,2025-07-01 08:20:00,INFO,UserService,79,161,4,0,0
502,2025-07-01 08:21:00,DEBUG,OrderProcessor,82,162,4,0,0
503,2025-07-01 08:22:00,WARN,PaymentAPI,78,166,5,0,0
504,2025-07-01 08:23:00,DEBUG,UserService,70,158,4,0,0
505,2025-07-01 08:24:00,DEBUG,PaymentAPI,73,160,4,0,0
506,2025-07-01 08:25:00,INFO,UserService,77,163,4,0,0
507,2025-07-01 08:26:00,WARN,AuthService,72,159,4,0,0
508,2025-07-01 08:27:00,INFO,PaymentAPI,87,159,4,0,0
509,2025-07-01 08:28:00,DEBUG,AuthService,85,161,4,0,0
510,2025-07-01 08:29:00,ERROR,OrderProcessor,88,168,4,1,1
511,2025-07-01 08:30:00,WARN,UserService,114,154,4,0,0
512,2025-07-01 08:31:00,DEBUG,AuthService,110,173,6,0,0
513,2025-07-01 08:32:00,WARN,OrderProcessor,137,177,5,0,0
514,2025-07-01 08:33:00,DEBUG,OrderProcessor,163,194,5,0,0
515,2025-07-01 08:34:00,INFO,AuthService,202,208,6,0,0
516,2025-07-01 08:35:00,INFO,PaymentAPI,278,233,8,0,0
517,2025-07-01 08:36:00,WARN,UserService,378,278,10,0,0
518,2025-07-01 08:37:00,WARN,AuthService,541,337,12,0,0
519,2025-07-01 08:38:00,INFO,PaymentAPI,779,428,17,0,0
520,2025-07-01 08:39:00,WARN,OrderProcessor,1138,572,24,0,0
521,2025-07-01 08:40:00,ERROR,PaymentAPI,1150,572,24,1,1
522,2025-07-01 08:41:00,DEBUG,OrderProcessor,66,153,4,0,0
523,2025-07-01 08:42:00,DEBUG,PaymentAPI,84,160,4,0,0
524,2025-07-01 08:43:00,DEBUG,AuthService,80,164,4,0,0
525,2025-07-01 08:44:00,DEBUG,AuthService,75,162,4,0,0
526,2025-07-01 08:45:00,DEBUG,AuthService,88,166,4,0,0
527,2025-07-01 08:46:00,INFO,PaymentAPI,83,166,4,0,0
528,2025-07-01 08:47:00,WARN,PaymentAPI,85,161,4,0,0
529,2025-07-01 08:48:00,DEBUG,PaymentAPI,88,165,4,0,0
530,2025-07-01 08:49:00,WARN,UserService,80,158,4,0,0
531,2025-07-01 08:50:00,DEBUG,OrderProcessor,83,161,4,0,0
532,2025-07-01 08:51:00,DEBUG,PaymentAPI,87,152,4,0,0
533,2025-07-01 08:52:00,DEBUG,OrderProcessor,80,164,4,0,0
534,2025-07-01 08:53:00,DEBUG,UserService,94,161,4,0,0
535,2025-07-01 08:54:00,DEBUG,AuthService,79,145,4,0,0
536,2025-07-01 08:55:00,DEBUG,PaymentAPI,78,157,4,0,0
537,2025-07-01 08:56:00,INFO,AuthService,76,164,4,0,0
538,2025-07-01 08:57:00,DEBUG,UserService,87,167,4,0,0
539,2025-07-01 08:58:00,DEBUG,AuthService,85,159,4,0,0
540,2025-07-01 08:59:00,DEBUG,AuthService,89,163,4,0,0
541,2025-07-01 09:00:00,DEBUG,PaymentAPI,85,159,4,0,0
542,2025-07-01 09:01:00,INFO,PaymentAPI,82,154,4,0,0
543,2025-07-01 09:02:00,INFO,OrderProcessor,83,163,3,0,0
544,2025-07-01 09:03:00,INFO,AuthService,85,158,4,0,0
545,2025-07-01 09:04:00,INFO,UserService,87,157,4,0,0
546,2025-07-01 09:05:00,WARN,UserService,94,156,4,0,0
547,2025-07-01 09:06:00,WARN,OrderProcessor,76,159,4,0,0
548,2025-07-01 09:07:00,WARN,AuthService,85,159,4,0,0
549,2025-07-01 09:08:00,INFO,UserService,82,161,4,0,0
550,2025-07-01 09:09:00,DEBUG,UserService,96,165,4,0,0
551,2025-07-01 09:10:00,WARN,PaymentAPI,98,168,4,0,0
552,2025-07-01 09:11:00,INFO,OrderProcessor,126,176,5,0,0
553,2025-07-01 09:12:00,DEBUG,AuthService,135,186,5,0,0
554,2025-07-01 09:13:00,DEBUG,PaymentAPI,170,199,5,0,0
555,2025-07-01 09:14:00,DEBUG,AuthService,233,222,7,0,0
556,2025-07-01 09:15:00,INFO,AuthService,304,257,9,0,0
557,2025-07-01 09:16:00,WARN,PaymentAPI,425,322,12,0,0
558,2025-07-01 09:17:00,INFO,PaymentAPI,593,392,16,0,0
559,2025-07-01 09:18:00,WARN,UserService,877,516,23,0,0
560,2025-07-01 09:19:00,INFO,AuthService,1289,706,32,0,0
561,2025-07-01 09:20:00,ERROR,UserService,1270,695,31,1,1
562,2025-07-01 09:21:00,DEBUG,PaymentAPI,79,156,3,0,0
563,2025-07-01 09:22:00,WARN,UserService,81,158,4,0,0
564,2025-07-01 09:23:00,DEBUG,PaymentAPI,68,160,4,0,0
565,2025-07-01 09:24:00,DEBUG,OrderProcessor,82,166,5,0,0
566,2025-07-01 09:25:00,DEBUG,PaymentAPI,91,159,4,0,0
567,2025-07-01 09:26:00,INFO,OrderProcessor,79,162,4,0,0
568,2025-07-01 09:27:00,DEBUG,OrderProcessor,82,167,4,0,0
569,2025-07-01 09:28:00,INFO,UserService,73,159,4,0,0
570,2025-07-01 09:29:00,DEBUG,UserService,72,155,5,0,0
571,2025-07-01 09:30:00,DEBUG,AuthService,87,153,4,0,0
572,2025-07-01 09:31:00,DEBUG,UserService,85,158,4,0,0
573,2025-07-01 09:32:00,DEBUG,AuthService,78,156,4,0,0
574,2025-07-01 09:33:00,DEBUG,PaymentAPI,81,164,4,0,0
575,2025-07-01 09:34:00,WARN,OrderProcessor,72,165,4,0,0
576,2025-07-01 09:35:00,INFO,AuthService,76,162,4,0,0
577,2025-07-01 09:36:00,DEBUG,UserService,86,158,4,0,0
578,2025-07-01 09:37:00,WARN,PaymentAPI,90,157,4,0,0
579,2025-07-01 09:38:00,DEBUG,AuthService,79,161,4,0,0
580,2025-07-01 09:39:00,INFO,OrderProcessor,77,156,4,0,0
581,2025-07-01 09:40:00,WARN,PaymentAPI,73,159,4,0,0
582,2025-07-01 09:41:00,INFO,OrderProcessor,95,152,4,0,0
583,2025-07-01 09:42:00,DEBUG,AuthService,86,164,4,0,0
584,2025-07-01 09:43:00,DEBUG,UserService,74,169,4,0,0
585,2025-07-01 09:44:00,DEBUG,OrderProcessor,88,162,3,0,0
586,2025-07-01 09:45:00,INFO,AuthService,73,164,4,0,0
587,2025-07-01 09:46:00,INFO,UserService,72,158,4,0,0
588,2025-07-01 09:47:00,INFO,OrderProcessor,75,160,4,0,0
589,2025-07-01 09:48:00,INFO,OrderProcessor,95,153,4,0,0
590,2025-07-01 09:49:00,DEBUG,AuthService,99,159,4,0,0
591,2025-07-01 09:50:00,DEBUG,OrderProcessor,99,170,5,0,0
592,2025-07-01 09:51:00,WARN,OrderProcessor,102,172,5,0,0
593,2025-07-01 09:52:00,DEBUG,AuthService,113,182,6,0,0
594,2025-07-01 09:53:00,WARN,UserService,136,197,8,0,0
595,2025-07-01 09:54:00,ERROR,PaymentAPI,159,211,10,1,1
596,2025-07-01 09:55:00,WARN,OrderProcessor,231,238,15,0,0
597,2025-07-01 09:56:00,WARN,OrderProcessor,300,279,19,0,0
598,2025-07-01 09:57:00,INFO,UserService,431,341,27,0,0
599,2025-07-01 09:58:00,WARN,UserService,617,443,39,0,0
600,2025-07-01 09:59:00,INFO,AuthService,896,586,57,0,0
601,2025-07-01 10:00:00,ERROR,PaymentAPI,894,591,56,1,1
602,2025-07-01 10:01:00,DEBUG,OrderProcessor,77,162,4,0,0
603,2025-07-01 10:02:00,WARN,PaymentAPI,86,158,4,0,0
604,2025-07-01 10:03:00,DEBUG,OrderProcessor,81,152,4,0,0
605,2025-07-01 10:04:00,DEBUG,OrderProcessor,81,163,4,0,0
606,2025-07-01 10:05:00,INFO,OrderProcessor,70,169,4,0,0
607,2025-07-01 10:06:00,DEBUG,OrderProcessor,86,165,4,0,0
608,2025-07-01 10:07:00,DEBUG,AuthService,77,165,4,0,0
609,2025-07-01 10:08:00,DEBUG,OrderProcessor,87,159,4,0,0
610,2025-07-01 10:09:00,DEBUG,OrderProcessor,80,158,4,0,0
611,2025-07-01 10:10:00,DEBUG,UserService,68,167,3,0,0
612,2025-07-01 10:11:00,INFO,UserService,81,157,4,0,0
613,2025-07-01 10:12:00,DEBUG,UserService,82,161,4,0,0
614,2025-07-01 10:13:00,DEBUG,PaymentAPI,72,163,4,0,0
615,2025-07-01 10:14:00,INFO,AuthService,86,161,4,0,0
616,2025-07-01 10:15:00,DEBUG,AuthService,85,159,4,0,0
617,2025-07-01 10:16:00,DEBUG,PaymentAPI,84,162,4,0,0
618,2025-07-01 10:17:00,INFO,AuthService,79,165,4,0,0
619,2025-07-01 10:18:00,DEBUG,PaymentAPI,79,158,4,0,0
620,2025-07-01 10:19:00,WARN,OrderProcessor,80,159,4,0,0
621,2025-07-01 10:20:00,DEBUG,AuthService,72,159,4,0,0
622,2025-07-01 10:21:00,INFO,OrderProcessor,90,159,4,0,0
623,2025-07-01 10:22:00,DEBUG,OrderProcessor,82,168,4,0,0
624,2025-07-01 10:23:00,DEBUG,PaymentAPI,78,163,4,0,0
625,2025-07-01 10:24:00,DEBUG,AuthService,79,161,4,0,0
626,2025-07-01 10:25:00,INFO,OrderProcessor,77,162,5,0,0
627,2025-07-01 10:26:00,DEBUG,PaymentAPI,76,154,4,0,0
628,2025-07-01 10:27:00,INFO,OrderProcessor,92,164,4,0,0
629,2025-07-01 10:28:00,DEBUG,UserService,76,168,3,0,0
630,2025-07-01 10:29:00,DEBUG,OrderProcessor,86,161,4,0,0
631,2025-07-01 10:30:00,WARN,PaymentAPI,100,171,4,0,0
632,2025-07-01 10:31:00,DEBUG,OrderProcessor,103,171,5,0,0
633,2025-07-01 10:32:00,DEBUG,PaymentAPI,110,180,5,0,0
634,2025-07-01 10:33:00,DEBUG,AuthService,139,182,6,0,0
635,2025-07-01 10:34:00,DEBUG,OrderProcessor,170,198,6,0,0
636,2025-07-01 10:35:00,WARN,AuthService,215,221,8,0,0
637,2025-07-01 10:36:00,WARN,PaymentAPI,278,258,10,0,0
638,2025-07-01 10:37:00,INFO,AuthService,394,307,13,0,0
639,2025-07-01 10:38:00,INFO,UserService,556,385,17,0,0
640,2025-07-01 10:39:00,WARN,UserService,806,506,24,0,0
641,2025-07-01 10:40:00,ERROR,UserService,800,532,24,1,1
642,2025-07-01 10:41:00,INFO,PaymentAPI,78,162,4,0,0
643,2025-07-01 10:42:00,INFO,AuthService,81,156,4,0,0
644,2025-07-01 10:43:00,DEBUG,PaymentAPI,85,163,4,0,0
645,2025-07-01 10:44:00,DEBUG,UserService,82,160,4,0,0
646,2025-07-01 10:45:00,INFO,PaymentAPI,82,161,4,0,0
647,2025-07-01 10:46:00,DEBUG,UserService,82,164,4,0,0
648,2025-07-01 10:47:00,INFO,AuthService,77,162,4,0,0
649,2025-07-01 10:48:00,DEBUG,PaymentAPI,78,155,4,0,0
650,2025-07-01 10:49:00,DEBUG,UserService,76,160,4,0,0
651,2025-07-01 10:50:00,DEBUG,OrderProcessor,84,162,4,0,0
652,2025-07-01 10:51:00,ERROR,PaymentAPI,73,166,5,1,1
653,2025-07-01 10:52:00,DEBUG,PaymentAPI,74,163,4,0,0
654,2025-07-01 10:53:00,DEBUG,AuthService,86,161,4,0,0
655,2025-07-01 10:54:00,INFO,AuthService,80,164,4,0,0
656,2025-07-01 10:55:00,WARN,PaymentAPI,83,158,3,0,0
657,2025-07-01 10:56:00,DEBUG,UserService,84,160,4,0,0
658,2025-07-01 10:57:00,DEBUG,UserService,86,158,4,0,0
659,2025-07-01 10:58:00,DEBUG,AuthService,68,160,4,0,0
660,2025-07-01 10:59:00,DEBUG,AuthService,80,159,3,0,0
661,2025-07-01 11:00:00,DEBUG,AuthService,69,163,4,0,0
662,2025-07-01 11:01:00,INFO,PaymentAPI,91,161,5,0,0
663,2025-07-01 11:02:00,DEBUG,UserService,75,164,4,0,0
664,2025-07-01 11:03:00,INFO,PaymentAPI,89,153,4,0,0
665,2025-07-01 11:04:00,INFO,UserService,79,163,4,0,0
666,2025-07-01 11:05:00,DEBUG,PaymentAPI,72,159,4,0,0
667,2025-07-01 11:06:00,DEBUG,UserService,62,168,4,0,0
668,2025-07-01 11:07:00,DEBUG,PaymentAPI,91,162,4,0,0
669,2025-07-01 11:08:00,INFO,AuthService,93,169,4,0,0
670,2025-07-01 11:09:00,INFO,PaymentAPI,89,171,4,0,0
671,2025-07-01 11:10:00,INFO,OrderProcessor,95,177,6,0,0
672,2025-07-01 11:11:00,DEBUG,AuthService,111,184,5,0,0
673,2025-07-01 11:12:00,DEBUG,UserService,133,199,6,0,0
674,2025-07-01 11:13:00,DEBUG,UserService,167,236,8,0,0
675,2025-07-01 11:14:00,WARN,UserService,210,268,10,0,0
676,2025-07-01 11:15:00,WARN,AuthService,286,325,13,0,0
677,2025-07-01 11:16:00,WARN,AuthService,403,409,18,0,0
678,2025-07-01 11:17:00,INFO,PaymentAPI,579,534,26,0,0
679,2025-07-01 11:18:00,WARN,AuthService,840,740,37,0,0
680,2025-07-01 11:19:00,WARN,PaymentAPI,1236,1042,55,0,0
681,2025-07-01 11:20:00,ERROR,UserService,1246,1047,55,1,1
682,2025-07-01 11:21:00,DEBUG,AuthService,78,160,4,0,0
683,2025-07-01 11:22:00,INFO,AuthService,77,159,4,0,0
684,2025-07-01 11:23:00,DEBUG,UserService,67,158,4,0,0
685,2025-07-01 11:24:00,DEBUG,UserService,72,161,4,0,0
686,2025-07-01 11:25:00,DEBUG,UserService,84,159,4,0,0
687,2025-07-01 11:26:00,INFO,OrderProcessor,75,158,4,0,0
688,2025-07-01 11:27:00,DEBUG,AuthService,86,151,4,0,0
689,2025-07-01 11:28:00,DEBUG,UserService,78,161,4,0,0
690,2025-07-01 11:29:00,DEBUG,AuthService,87,154,4,0,0
691,2025-07-01 11:30:00,DEBUG,PaymentAPI,82,161,4,0,0
692,2025-07-01 11:31:00,DEBUG,AuthService,70,163,4,0,0
693,2025-07-01 11:32:00,ERROR,OrderProcessor,74,163,4,1,1
694,2025-07-01 11:33:00,INFO,PaymentAPI,79,158,4,0,0
695,2025-07-01 11:34:00,DEBUG,PaymentAPI,68,161,4,0,0
696,2025-07-01 11:35:00,INFO,AuthService,75,160,4,0,0
697,2025-07-01 11:36:00,DEBUG,PaymentAPI,86,163,4,0,0
698,2025-07-01 11:37:00,DEBUG,UserService,83,146,4,0,0
699,2025-07-01 11:38:00,INFO,OrderProcessor,77,157,4,0,0
700,2025-07-01 11:39:00,DEBUG,UserService,86,155,4,0,0
701,2025-07-01 11:40:00,WARN,OrderProcessor,81,163,4,0,0
702,2025-07-01 11:41:00,INFO,PaymentAPI,85,157,4,0,0
703,2025-07-01 11:42:00,DEBUG,UserService,89,154,4,0,0
704,2025-07-01 11:43:00,DEBUG,PaymentAPI,71,162,4,0,0
705,2025-07-01 11:44:00,DEBUG,PaymentAPI,81,160,3,0,0
706,2025-07-01 11:45:00,INFO,AuthService,82,153,4,0,0
707,2025-07-01 11:46:00,DEBUG,OrderProcessor,78,163,4,0,0
708,2025-07-01 11:47:00,INFO,AuthService,83,155,4,0,0
709,2025-07-01 11:48:00,INFO,AuthService,85,156,4,0,0
710,2025-07-01 11:49:00,DEBUG,OrderProcessor,84,167,4,0,0
711,2025-07-01 11:50:00,DEBUG,PaymentAPI,96,170,5,0,0
712,2025-07-01 11:51:00,DEBUG,UserService,112,185,5,0,0
713,2025-07-01 11:52:00,INFO,PaymentAPI,142,208,6,0,0
714,2025-07-01 11:53:00,INFO,AuthService,165,223,7,0,0
715,2025-07-01 11:54:00,ERROR,PaymentAPI,231,256,9,1,1
716,2025-07-01 11:55:00,WARN,PaymentAPI,304,312,12,0,0
717,2025-07-01 11:56:00,WARN,UserService,409,399,16,0,0
718,2025-07-01 11:57:00,WARN,OrderProcessor,589,521,22,0,0
719,2025-07-01 11:58:00,INFO,OrderProcessor,867,714,31,0,0
720,2025-07-01 11:59:00,WARN,OrderProcessor,1273,999,45,0,0
721,2025-07-01 12:00:00,ERROR,AuthService,1269,984,45,1,1
722,2025-07-01 12:01:00,DEBUG,PaymentAPI,82,154,4,0,0
723,2025-07-01 12:02:00,INFO,PaymentAPI,80,166,4,0,0
724,2025-07-01 12:03:00,INFO,PaymentAPI,86,156,4,0,0
725,2025-07-01 12:04:00,INFO,PaymentAPI,77,160,4,0,0
726,2025-07-01 12:05:00,DEBUG,UserService,77,159,4,0,0
727,2025-07-01 12:06:00,INFO,UserService,77,159,4,0,0
728,2025-07-01 12:07:00,INFO,AuthService,81,158,4,0,0
729,2025-07-01 12:08:00,INFO,UserService,79,162,4,0,0
730,2025-07-01 12:09:00,WARN,UserService,81,157,4,0,0
731,2025-07-01 12:10:00,WARN,PaymentAPI,86,158,4,0,0
732,2025-07-01 12:11:00,DEBUG,OrderProcessor,71,164,4,0,0
733,2025-07-01 12:12:00,DEBUG,PaymentAPI,82,158,4,0,0
734,2025-07-01 12:13:00,DEBUG,OrderProcessor,68,159,4,0,0
735,2025-07-01 12:14:00,DEBUG,OrderProcessor,87,157,4,0,0
736,2025-07-01 12:15:00,ERROR,UserService,72,163,4,1,1
737,2025-07-01 12:16:00,DEBUG,UserService,87,161,4,0,0
738,2025-07-01 12:17:00,INFO,AuthService,83,158,4,0,0
739,2025-07-01 12:18:00,INFO,OrderProcessor,80,159,4,0,0
740,2025-07-01 12:19:00,INFO,AuthService,74,158,4,0,0
741,2025-07-01 12:20:00,INFO,PaymentAPI,82,159,5,0,0
742,2025-07-01 12:21:00,WARN,PaymentAPI,81,161,4,0,0
743,2025-07-01 12:22:00,DEBUG,UserService,88,161,4,0,0
744,2025-07-01 12:23:00,DEBUG,UserService,85,165,4,0,0
745,2025-07-01 12:24:00,DEBUG,OrderProcessor,84,159,4,0,0
746,2025-07-01 12:25:00,DEBUG,AuthService,85,164,4,0,0
747,2025-07-01 12:26:00,DEBUG,PaymentAPI,77,156,4,0,0
748,2025-07-01 12:27:00,DEBUG,PaymentAPI,89,162,4,0,0
749,2025-07-01 12:28:00,INFO,OrderProcessor,84,162,4,0,0
750,2025-07-01 12:29:00,DEBUG,OrderProcessor,94,166,5,0,0
751,2025-07-01 12:30:00,DEBUG,AuthService,97,175,5,0,0
752,2025-07-01 12:31:00,DEBUG,UserService,105,188,6,0,0
753,2025-07-01 12:32:00,INFO,UserService,119,190,8,0,0
754,2025-07-01 12:33:00,DEBUG,PaymentAPI,148,232,8,0,0
755,2025-07-01 12:34:00,INFO,AuthService,190,258,11,0,0
756,2025-07-01 12:35:00,INFO,AuthService,247,315,14,0,0
757,2025-07-01 12:36:00,WARN,AuthService,319,396,20,0,0
758,2025-07-01 12:37:00,INFO,PaymentAPI,457,529,28,0,0
759,2025-07-01 12:38:00,INFO,UserService,649,718,41,0,0
760,2025-07-01 12:39:00,INFO,OrderProcessor,939,1013,60,0,0
761,2025-07-01 12:40:00,ERROR,OrderProcessor,938,1011,60,1,1
762,2025-07-01 12:41:00,INFO,UserService,80,157,4,0,0
763,2025-07-01 12:42:00,DEBUG,PaymentAPI,82,161,4,0,0
764,2025-07-01 12:43:00,DEBUG,AuthService,86,158,4,0,0
765,2025-07-01 12:44:00,DEBUG,OrderProcessor,74,154,4,0,0
766,2025-07-01 12:45:00,DEBUG,AuthService,79,156,4,0,0
767,2025-07-01 12:46:00,INFO,PaymentAPI,75,159,4,0,0
768,2025-07-01 12:47:00,WARN,AuthService,87,162,4,0,0
769,2025-07-01 12:48:00,DEBUG,OrderProcessor,77,165,4,0,0
770,2025-07-01 12:49:00,DEBUG,AuthService,86,160,4,0,0
771,2025-07-01 12:50:00,INFO,AuthService,74,159,4,0,0
772,2025-07-01 12:51:00,DEBUG,AuthService,75,161,4,0,0
773,2025-07-01 12:52:00,INFO,AuthService,83,164,4,0,0
774,2025-07-01 12:53:00,INFO,AuthService,78,167,4,0,0
775,2025-07-01 12:54:00,DEBUG,AuthService,79,160,4,0,0
776,2025-07-01 12:55:00,ERROR,UserService,82,158,4,1,1
777,2025-07-01 12:56:00,DEBUG,AuthService,81,161,4,0,0
778,2025-07-01 12:57:00,INFO,AuthService,93,156,4,0,0
779,2025-07-01 12:58:00,DEBUG,PaymentAPI,85,156,4,0,0
780,2025-07-01 12:59:00,DEBUG,OrderProcessor,74,155,4,0,0
781,2025-07-01 13:00:00,WARN,PaymentAPI,73,155,4,0,0
782,2025-07-01 13:01:00,INFO,UserService,79,161,4,0,0
783,2025-07-01 13:02:00,DEBUG,PaymentAPI,61,165,4,0,0
784,2025-07-01 13:03:00,DEBUG,AuthService,79,153,4,0,0
785,2025-07-01 13:04:00,DEBUG,PaymentAPI,83,155,4,0,0
786,2025-07-01 13:05:00,INFO,AuthService,76,158,4,0,0
787,2025-07-01 13:06:00,DEBUG,UserService,78,156,4,0,0
788,2025-07-01 13:07:00,INFO,PaymentAPI,75,159,4,0,0
789,2025-07-01 13:08:00,DEBUG,UserService,84,161,5,0,0
790,2025-07-01 13:09:00,DEBUG,UserService,93,176,4,0,0
791,2025-07-01 13:10:00,INFO,OrderProcessor,104,168,5,0,0
792,2025-07-01 13:11:00,INFO,PaymentAPI,106,176,4,0,0
793,2025-07-01 13:12:00,INFO,PaymentAPI,143,185,6,0,0
794,2025-07-01 13:13:00,INFO,AuthService,169,195,6,0,0
795,2025-07-01 13:14:00,DEBUG,UserService,214,222,9,0,0
796,2025-07-01 13:15:00,WARN,AuthService,303,254,12,0,0
797,2025-07-01 13:16:00,INFO,OrderProcessor,405,307,16,0,0
798,2025-07-01 13:17:00,INFO,UserService,583,387,22,0,0
799,2025-07-01 13:18:00,WARN,AuthService,835,506,32,0,0
800,2025-07-01 13:19:00,WARN,OrderProcessor,1226,690,46,0,0
801,2025-07-01 13:20:00,ERROR,PaymentAPI,1227,699,46,1,1
802,2025-07-01 13:21:00,DEBUG,AuthService,87,158,4,0,0
803,2025-07-01 13:22:00,DEBUG,OrderProcessor,70,160,3,0,0
804,2025-07-01 13:23:00,DEBUG,UserService,82,163,4,0,0
805,2025-07-01 13:24:00,DEBUG,AuthService,72,159,4,0,0
806,2025-07-01 13:25:00,INFO,UserService,83,159,4,0,0
807,2025-07-01 13:26:00,DEBUG,UserService,83,165,5,0,0
808,2025-07-01 13:27:00,INFO,PaymentAPI,87,165,4,0,0
809,2025-07-01 13:28:00,INFO,PaymentAPI,78,166,4,0,0
810,2025-07-01 13:29:00,DEBUG,UserService,87,160,4,0,0
811,2025-07-01 13:30:00,DEBUG,AuthService,81,159,4,0,0
812,2025-07-01 13:31:00,DEBUG,OrderProcessor,70,159,4,0,0
813,2025-07-01 13:32:00,DEBUG,AuthService,81,157,4,0,0
814,2025-07-01 13:33:00,INFO,OrderProcessor,83,158,4,0,0
815,2025-07-01 13:34:00,DEBUG,PaymentAPI,84,162,4,0,0
816,2025-07-01 13:35:00,INFO,OrderProcessor,82,155,4,0,0
817,2025-07-01 13:36:00,DEBUG,AuthService,76,163,4,0,0
818,2025-07-01 13:37:00,INFO,OrderProcessor,78,163,4,0,0
819,2025-07-01 13:38:00,ERROR,UserService,93,162,4,1,1
820,2025-07-01 13:39:00,INFO,AuthService,72,157,4,0,0
821,2025-07-01 13:40:00,INFO,AuthService,84,157,4,0,0
822,2025-07-01 13:41:00,DEBUG,UserService,85,156,4,0,0
823,2025-07-01 13:42:00,DEBUG,PaymentAPI,79,163,4,0,0
824,2025-07-01 13:43:00,INFO,AuthService,76,159,3,0,0
825,2025-07-01 13:44:00,INFO,OrderProcessor,86,170,4,0,0
826,2025-07-01 13:45:00,INFO,UserService,65,162,4,0,0
827,2025-07-01 13:46:00,WARN,UserService,71,164,4,0,0
828,2025-07-01 13:47:00,DEBUG,UserService,87,151,3,0,0
829,2025-07-01 13:48:00,DEBUG,OrderProcessor,82,159,4,0,0
830,2025-07-01 13:49:00,WARN,AuthService,96,173,4,0,0
831,2025-07-01 13:50:00,DEBUG,AuthService,104,175,5,0,0
832,2025-07-01 13:51:00,WARN,PaymentAPI,105,185,5,0,0
833,2025-07-01 13:52:00,DEBUG,PaymentAPI,122,195,6,0,0
834,2025-07-01 13:53:00,WARN,PaymentAPI,159,214,9,0,0
835,2025-07-01 13:54:00,WARN,AuthService,197,242,10,0,0
836,2025-07-01 13:55:00,INFO,PaymentAPI,264,295,13,0,0
837,2025-07-01 13:56:00,WARN,PaymentAPI,360,377,18,0,0
838,2025-07-01 13:57:00,WARN,UserService,501,487,26,0,0
839,2025-07-01 13:58:00,INFO,OrderProcessor,725,651,37,0,0
840,2025-07-01 13:59:00,WARN,OrderProcessor,1064,908,54,0,0
841,2025-07-01 14:00:00,ERROR,UserService,1065,905,55,1,1
842,2025-07-01 14:01:00,INFO,AuthService,76,156,4,0,0
843,2025-07-01 14:02:00,DEBUG,PaymentAPI,72,158,4,0,0
844,2025-07-01 14:03:00,DEBUG,OrderProcessor,90,161,4,0,0
845,2025-07-01 14:04:00,INFO,AuthService,77,162,4,0,0
846,2025-07-01 14:05:00,DEBUG,UserService,92,157,4,0,0
847,2025-07-01 14:06:00,DEBUG,PaymentAPI,72,163,4,0,0
848,2025-07-01 14:07:00,DEBUG,OrderProcessor,82,158,4,0,0
849,2025-07-01 14:08:00,WARN,OrderProcessor,76,160,4,0,0
850,2025-07-01 14:09:00,DEBUG,OrderProcessor,86,160,4,0,0
851,2025-07-01 14:10:00,DEBUG,OrderProcessor,73,152,4,0,0
852,2025-07-01 14:11:00,INFO,AuthService,74,161,4,0,0
853,2025-07-01 14:12:00,DEBUG,AuthService,73,156,4,0,0
854,2025-07-01 14:13:00,DEBUG,AuthService,68,161,4,0,0
855,2025-07-01 14:14:00,DEBUG,AuthService,72,156,4,0,0
856,2025-07-01 14:15:00,INFO,UserService,86,163,4,0,0
857,2025-07-01 14:16:00,DEBUG,OrderProcessor,85,159,4,0,0
858,2025-07-01 14:17:00,INFO,OrderProcessor,82,156,4,0,0
859,2025-07-01 14:18:00,DEBUG,UserService,75,159,4,0,0
860,2025-07-01 14:19:00,DEBUG,UserService,86,154,4,0,0
861,2025-07-01 14:20:00,INFO,PaymentAPI,70,164,4,0,0
862,2025-07-01 14:21:00,DEBUG,PaymentAPI,85,157,4,0,0
863,2025-07-01 14:22:00,INFO,UserService,72,155,4,0,0
864,2025-07-01 14:23:00,DEBUG,OrderProcessor,80,160,4,0,0
865,2025-07-01 14:24:00,DEBUG,UserService,73,160,4,0,0
866,2025-07-01 14:25:00,DEBUG,OrderProcessor,75,159,4,0,0
867,2025-07-01 14:26:00,DEBUG,UserService,73,161,4,0,0
868,2025-07-01 14:27:00,INFO,PaymentAPI,82,152,3,0,0
869,2025-07-01 14:28:00,DEBUG,UserService,86,161,4,0,0
870,2025-07-01 14:29:00,WARN,AuthService,83,171,4,0,0
871,2025-07-01 14:30:00,INFO,UserService,94,177,5,0,0
872,2025-07-01 14:31:00,DEBUG,AuthService,110,179,6,0,0
873,2025-07-01 14:32:00,INFO,PaymentAPI,121,200,6,0,0
874,2025-07-01 14:33:00,INFO,AuthService,130,215,7,0,0
875,2025-07-01 14:34:00,DEBUG,UserService,166,247,8,0,0
876,2025-07-01 14:35:00,WARN,OrderProcessor,209,284,10,0,0
877,2025-07-01 14:36:00,WARN,OrderProcessor,273,364,13,0,0
878,2025-07-01 14:37:00,WARN,OrderProcessor,391,465,18,0,0
879,2025-07-01 14:38:00,WARN,OrderProcessor,554,634,25,0,0
880,2025-07-01 14:39:00,INFO,UserService,797,876,36,0,0
881,2025-07-01 14:40:00,ERROR,UserService,810,867,38,1,1
882,2025-07-01 14:41:00,WARN,UserService,79,163,4,0,0
883,2025-07-01 14:42:00,INFO,OrderProcessor,78,164,4,0,0
884,2025-07-01 14:43:00,DEBUG,OrderProcessor,75,159,5,0,0
885,2025-07-01 14:44:00,INFO,UserService,85,155,4,0,0
886,2025-07-01 14:45:00,DEBUG,PaymentAPI,78,159,4,0,0
887,2025-07-01 14:46:00,INFO,OrderProcessor,75,160,4,0,0
888,2025-07-01 14:47:00,INFO,AuthService,85,166,4,0,0
889,2025-07-01 14:48:00,INFO,OrderProcessor,79,164,4,0,0
890,2025-07-01 14:49:00,INFO,AuthService,71,160,4,0,0
891,2025-07-01 14:50:00,INFO,PaymentAPI,69,161,3,0,0
892,2025-07-01 14:51:00,WARN,UserService,85,162,4,0,0
893,2025-07-01 14:52:00,DEBUG,PaymentAPI,82,163,4,0,0
894,2025-07-01 14:53:00,INFO,OrderProcessor,78,158,4,0,0
895,2025-07-01 14:54:00,DEBUG,UserService,81,157,4,0,0
896,2025-07-01 14:55:00,DEBUG,AuthService,87,163,4,0,0
897,2025-07-01 14:56:00,DEBUG,AuthService,70,154,4,0,0
898,2025-07-01 14:57:00,DEBUG,PaymentAPI,82,161,4,0,0
899,2025-07-01 14:58:00,DEBUG,UserService,84,160,4,0,0
900,2025-07-01 14:59:00,DEBUG,OrderProcessor,81,165,4,0,0
901,2025-07-01 15:00:00,INFO,AuthService,79,164,4,0,0
902,2025-07-01 15:01:00,WARN,PaymentAPI,79,161,3,0,0
903,2025-07-01 15:02:00,DEBUG,OrderProcessor,77,169,4,0,0
904,2025-07-01 15:03:00,INFO,UserService,86,162,4,0,0
905,2025-07-01 15:04:00,INFO,AuthService,85,160,4,0,0
906,2025-07-01 15:05:00,INFO,PaymentAPI,84,162,4,0,0
907,2025-07-01 15:06:00,INFO,UserService,82,163,4,0,0
908,2025-07-01 15:07:00,INFO,UserService,89,161,4,0,0
909,2025-07-01 15:08:00,DEBUG,AuthService,83,169,4,0,0
910,2025-07-01 15:09:00,DEBUG,OrderProcessor,87,169,4,0,0
911,2025-07-01 15:10:00,DEBUG,PaymentAPI,100,168,5,0,0
912,2025-07-01 15:11:00,WARN,AuthService,118,177,6,0,0
913,2025-07-01 15:12:00,DEBUG,AuthService,142,188,7,0,0
914,2025-07-01 15:13:00,DEBUG,UserService,168,200,8,0,0
915,2025-07-01 15:14:00,DEBUG,OrderProcessor,237,232,10,0,0
916,2025-07-01 15:15:00,WARN,UserService,317,263,13,0,0
917,2025-07-01 15:16:00,WARN,AuthService,437,315,18,0,0
918,2025-07-01 15:17:00,INFO,OrderProcessor,639,401,25,0,0
919,2025-07-01 15:18:00,WARN,UserService,929,528,36,0,0
920,2025-07-01 15:19:00,WARN,PaymentAPI,1376,716,52,0,0
921,2025-07-01 15:20:00,ERROR,AuthService,1362,722,52,1,1
922,2025-07-01 15:21:00,DEBUG,PaymentAPI,73,161,4,0,0
923,2025-07-01 15:22:00,DEBUG,UserService,94,154,4,0,0
924,2025-07-01 15:23:00,DEBUG,OrderProcessor,75,161,4,0,0
925,2025-07-01 15:24:00,INFO,PaymentAPI,90,158,4,0,0
926,2025-07-01 15:25:00,INFO,UserService,85,163,4,0,0
927,2025-07-01 15:26:00,WARN,UserService,90,162,4,0,0
928,2025-07-01 15:27:00,DEBUG,AuthService,73,160,4,0,0
929,2025-07-01 15:28:00,DEBUG,UserService,88,157,4,0,0
930,2025-07-01 15:29:00,DEBUG,UserService,83,165,5,0,0
931,2025-07-01 15:30:00,DEBUG,PaymentAPI,67,149,4,0,0
932,2025-07-01 15:31:00,DEBUG,AuthService,73,158,4,0,0
933,2025-07-01 15:32:00,DEBUG,PaymentAPI,78,161,4,0,0
934,2025-07-01 15:33:00,INFO,PaymentAPI,80,159,3,0,0
935,2025-07-01 15:34:00,INFO,AuthService,83,156,4,0,0
936,2025-07-01 15:35:00,DEBUG,AuthService,80,165,4,0,0
937,2025-07-01 15:36:00,INFO,UserService,75,161,4,0,0
938,2025-07-01 15:37:00,INFO,PaymentAPI,82,163,4,0,0
939,2025-07-01 15:38:00,INFO,AuthService,74,157,4,0,0
940,2025-07-01 15:39:00,WARN,PaymentAPI,78,165,4,0,0
941,2025-07-01 15:40:00,DEBUG,PaymentAPI,80,158,4,0,0
942,2025-07-01 15:41:00,DEBUG,OrderProcessor,72,166,4,0,0
943,2025-07-01 15:42:00,DEBUG,UserService,81,152,5,0,0
944,2025-07-01 15:43:00,ERROR,PaymentAPI,85,163,4,1,1
945,2025-07-01 15:44:00,DEBUG,AuthService,83,154,4,0,0
946,2025-07-01 15:45:00,DEBUG,PaymentAPI,78,164,4,0,0
947,2025-07-01 15:46:00,DEBUG,PaymentAPI,75,160,4,0,0
948,2025-07-01 15:47:00,DEBUG,UserService,87,165,4,0,0
949,2025-07-01 15:48:00,INFO,OrderProcessor,78,164,4,0,0
950,2025-07-01 15:49:00,DEBUG,PaymentAPI,96,162,4,0,0
951,2025-07-01 15:50:00,DEBUG,AuthService,92,172,3,0,0
952,2025-07-01 15:51:00,DEBUG,OrderProcessor,117,172,4,0,0
953,2025-07-01 15:52:00,DEBUG,UserService,115,180,5,0,0
954,2025-07-01 15:53:00,WARN,AuthService,143,199,6,0,0
955,2025-07-01 15:54:00,WARN,PaymentAPI,181,207,6,0,0
956,2025-07-01 15:55:00,WARN,UserService,244,237,7,0,0
957,2025-07-01 15:56:00,WARN,OrderProcessor,331,275,9,0,0
958,2025-07-01 15:57:00,WARN,OrderProcessor,459,337,12,0,0
959,2025-07-01 15:58:00,INFO,PaymentAPI,651,433,16,0,0
960,2025-07-01 15:59:00,WARN,UserService,945,575,23,0,0
961,2025-07-01 16:00:00,ERROR,AuthService,949,572,23,1,1
962,2025-07-01 16:01:00,INFO,PaymentAPI,66,156,3,0,0
963,2025-07-01 16:02:00,DEBUG,AuthService,84,168,4,0,0
964,2025-07-01 16:03:00,DEBUG,OrderProcessor,82,162,4,0,0
965,2025-07-01 16:04:00,INFO,PaymentAPI,94,154,4,0,0
966,2025-07-01 16:05:00,DEBUG,OrderProcessor,83,158,4,0,0
967,2025-07-01 16:06:00,DEBUG,OrderProcessor,72,158,5,0,0
968,2025-07-01 16:07:00,INFO,PaymentAPI,70,162,4,0,0
969,2025-07-01 16:08:00,INFO,UserService,85,165,4,0,0
970,2025-07-01 16:09:00,INFO,AuthService,85,168,4,0,0
971,2025-07-01 16:10:00,DEBUG,AuthService,77,162,4,0,0
972,2025-07-01 16:11:00,DEBUG,UserService,76,154,4,0,0
973,2025-07-01 16:12:00,DEBUG,OrderProcessor,87,160,4,0,0
974,2025-07-01 16:13:00,DEBUG,PaymentAPI,83,155,4,0,0
975,2025-07-01 16:14:00,INFO,AuthService,85,159,4,0,0
976,2025-07-01 16:15:00,DEBUG,PaymentAPI,84,162,4,0,0
977,2025-07-01 16:16:00,WARN,AuthService,79,157,4,0,0
978,2025-07-01 16:17:00,ERROR,OrderProcessor,74,157,4,1,1
979,2025-07-01 16:18:00,WARN,AuthService,78,159,4,0,0
980,2025-07-01 16:19:00,DEBUG,OrderProcessor,75,155,4,0,0
981,2025-07-01 16:20:00,DEBUG,OrderProcessor,87,156,3,0,0
982,2025-07-01 16:21:00,DEBUG,OrderProcessor,76,164,4,0,0
983,2025-07-01 16:22:00,DEBUG,UserService,74,162,4,0,0
984,2025-07-01 16:23:00,DEBUG,AuthService,87,164,4,0,0
985,2025-07-01 16:24:00,DEBUG,OrderProcessor,76,153,4,0,0
986,2025-07-01 16:25:00,INFO,OrderProcessor,73,162,4,0,0
987,2025-07-01 16:26:00,DEBUG,AuthService,86,166,4,0,0
988,2025-07-01 16:27:00,DEBUG,UserService,73,163,4,0,0
989,2025-07-01 16:28:00,DEBUG,UserService,73,158,4,0,0
990,2025-07-01 16:29:00,WARN,AuthService,87,169,5,0,0
991,2025-07-01 16:30:00,DEBUG,UserService,95,169,4,0,0
992,2025-07-01 16:31:00,DEBUG,AuthService,102,175,4,0,0
993,2025-07-01 16:32:00,DEBUG,UserService,124,182,5,0,0
994,2025-07-01 16:33:00,DEBUG,OrderProcessor,132,192,6,0,0
995,2025-07-01 16:34:00,INFO,PaymentAPI,166,216,5,0,0
996,2025-07-01 16:35:00,WARN,UserService,202,242,6,0,0
997,2025-07-01 16:36:00,INFO,PaymentAPI,264,290,8,0,0
998,2025-07-01 16:37:00,INFO,AuthService,363,358,10,0,0
999,2025-07-01 16:38:00,WARN,OrderProcessor,510,467,13,0,0
1000,2025-07-01 16:39:00,INFO,PaymentAPI,743,625,18,0,0
1001,2025-07-01 16:40:00,ERROR,PaymentAPI,748,633,18,1,1
1002,2025-07-01 16:41:00,INFO,PaymentAPI,73,158,4,0,0
1003,2025-07-01 16:42:00,DEBUG,AuthService,84,160,4,0,0
1004,2025-07-01 16:43:00,INFO,AuthService,90,158,4,0,0
1005,2025-07-01 16:44:00,DEBUG,AuthService,79,158,4,0,0
1006,2025-07-01 16:45:00,INFO,OrderProcessor,79,157,4,0,0
1007,2025-07-01 16:46:00,INFO,UserService,83,166,4,0,0
1008,2025-07-01 16:47:00,DEBUG,PaymentAPI,79,162,4,0,0
1009,2025-07-01 16:48:00,DEBUG,PaymentAPI,85,161,4,0,0
1010,2025-07-01 16:49:00,DEBUG,UserService,80,158,4,0,0
1011,2025-07-01 16:50:00,DEBUG,UserService,79,158,4,0,0
1012,2025-07-01 16:51:00,DEBUG,UserService,74,159,4,0,0
1013,2025-07-01 16:52:00,INFO,UserService,85,158,4,0,0
1014,2025-07-01 16:53:00,DEBUG,UserService,79,158,4,0,0
1015,2025-07-01 16:54:00,INFO,PaymentAPI,91,164,4,0,0
1016,2025-07-01 16:55:00,WARN,OrderProcessor,85,166,4,0,0
1017,2025-07-01 16:56:00,DEBUG,AuthService,93,163,4,0,0
1018,2025-07-01 16:57:00,DEBUG,OrderProcessor,79,157,4,0,0
1019,2025-07-01 16:58:00,INFO,PaymentAPI,76,163,4,0,0
1020,2025-07-01 16:59:00,DEBUG,PaymentAPI,85,169,4,0,0
1021,2025-07-01 17:00:00,INFO,AuthService,81,162,4,0,0
1022,2025-07-01 17:01:00,INFO,UserService,83,159,4,0,0
1023,2025-07-01 17:02:00,DEBUG,AuthService,82,163,4,0,0
1024,2025-07-01 17:03:00,INFO,OrderProcessor,70,154,4,0,0
1025,2025-07-01 17:04:00,DEBUG,UserService,70,159,4,0,0
1026,2025-07-01 17:05:00,DEBUG,UserService,74,154,4,0,0
1027,2025-07-01 17:06:00,DEBUG,UserService,74,158,4,0,0
1028,2025-07-01 17:07:00,INFO,AuthService,81,158,4,0,0
1029,2025-07-01 17:08:00,DEBUG,OrderProcessor,65,158,4,0,0
1030,2025-07-01 17:09:00,DEBUG,AuthService,94,170,4,0,0
1031,2025-07-01 17:10:00,INFO,AuthService,106,166,4,0,0
1032,2025-07-01 17:11:00,DEBUG,PaymentAPI,118,180,4,0,0
1033,2025-07-01 17:12:00,DEBUG,PaymentAPI,135,183,6,0,0
1034,2025-07-01 17:13:00,DEBUG,PaymentAPI,153,203,7,0,0
1035,2025-07-01 17:14:00,DEBUG,PaymentAPI,211,232,8,0,0
1036,2025-07-01 17:15:00,INFO,PaymentAPI,293,274,10,0,0
1037,2025-07-01 17:16:00,WARN,PaymentAPI,385,337,14,0,0
1038,2025-07-01 17:17:00,WARN,OrderProcessor,546,425,18,0,0
1039,2025-07-01 17:18:00,WARN,OrderProcessor,801,571,26,0,0
1040,2025-07-01 17:19:00,WARN,UserService,1177,786,37,0,0
1041,2025-07-01 17:20:00,ERROR,PaymentAPI,1187,786,37,1,1
1042,2025-07-01 17:21:00,INFO,OrderProcessor,78,161,3,0,0
1043,2025-07-01 17:22:00,DEBUG,UserService,82,166,4,0,0
1044,2025-07-01 17:23:00,WARN,OrderProcessor,81,162,4,0,0
1045,2025-07-01 17:24:00,DEBUG,OrderProcessor,79,155,4,0,0
1046,2025-07-01 17:25:00,DEBUG,PaymentAPI,86,162,4,0,0
1047,2025-07-01 17:26:00,WARN,AuthService,91,161,3,0,0
1048,2025-07-01 17:27:00,DEBUG,AuthService,79,158,4,0,0
1049,2025-07-01 17:28:00,INFO,UserService,82,162,4,0,0
1050,2025-07-01 17:29:00,INFO,UserService,72,161,4,0,0
1051,2025-07-01 17:30:00,INFO,UserService,81,160,4,0,0
1052,2025-07-01 17:31:00,DEBUG,OrderProcessor,73,161,4,0,0
1053,2025-07-01 17:32:00,INFO,AuthService,78,161,4,0,0
1054,2025-07-01 17:33:00,DEBUG,OrderProcessor,86,170,4,0,0
1055,2025-07-01 17:34:00,DEBUG,UserService,83,162,4,0,0
1056,2025-07-01 17:35:00,INFO,UserService,81,165,4,0,0
1057,2025-07-01 17:36:00,DEBUG,PaymentAPI,79,161,4,0,0
1058,2025-07-01 17:37:00,DEBUG,PaymentAPI,81,169,4,0,0
1059,2025-07-01 17:38:00,DEBUG,UserService,82,153,5,0,0
1060,2025-07-01 17:39:00,INFO,PaymentAPI,79,167,4,0,0
1061,2025-07-01 17:40:00,DEBUG,UserService,88,160,4,0,0
1062,2025-07-01 17:41:00,INFO,UserService,84,157,4,0,0
1063,2025-07-01 17:42:00,INFO,AuthService,88,157,5,0,0
1064,2025-07-01 17:43:00,DEBUG,UserService,82,156,4,0,0
1065,2025-07-01 17:44:00,ERROR,UserService,79,160,4,1,1
1066,2025-07-01 17:45:00,DEBUG,UserService,85,166,4,0,0
1067,2025-07-01 17:46:00,DEBUG,OrderProcessor,77,161,3,0,0
1068,2025-07-01 17:47:00,DEBUG,PaymentAPI,86,158,4,0,0
1069,2025-07-01 17:48:00,INFO,PaymentAPI,81,165,4,0,0
1070,2025-07-01 17:49:00,INFO,AuthService,97,165,4,0,0
1071,2025-07-01 17:50:00,INFO,PaymentAPI,103,175,4,0,0
1072,2025-07-01 17:51:00,INFO,PaymentAPI,104,183,4,0,0
1073,2025-07-01 17:52:00,INFO,PaymentAPI,117,196,4,0,0
1074,2025-07-01 17:53:00,INFO,OrderProcessor,140,219,5,0,0
1075,2025-07-01 17:54:00,INFO,OrderProcessor,187,251,5,0,0
1076,2025-07-01 17:55:00,WARN,OrderProcessor,247,293,6,0,0
1077,2025-07-01 17:56:00,INFO,AuthService,325,368,7,0,0
1078,2025-07-01 17:57:00,WARN,PaymentAPI,448,474,8,0,0
1079,2025-07-01 17:58:00,WARN,AuthService,645,634,12,0,0
1080,2025-07-01 17:59:00,WARN,AuthService,934,891,16,0,0
1081,2025-07-01 18:00:00,ERROR,OrderProcessor,922,895,15,1,1
1082,2025-07-01 18:01:00,INFO,PaymentAPI,71,162,4,0,0
1083,2025-07-01 18:02:00,DEBUG,PaymentAPI,84,163,4,0,0
1084,2025-07-01 18:03:00,INFO,OrderProcessor,76,161,4,0,0
1085,2025-07-01 18:04:00,INFO,PaymentAPI,80,160,4,0,0
1086,2025-07-01 18:05:00,INFO,AuthService,78,151,4,0,0
1087,2025-07-01 18:06:00,INFO,UserService,96,159,4,0,0
1088,2025-07-01 18:07:00,DEBUG,PaymentAPI,87,159,4,0,0
1089,2025-07-01 18:08:00,DEBUG,PaymentAPI,78,167,4,0,0
1090,2025-07-01 18:09:00,INFO,UserService,75,158,4,0,0
1091,2025-07-01 18:10:00,DEBUG,OrderProcessor,83,160,4,0,0
1092,2025-07-01 18:11:00,INFO,PaymentAPI,80,161,4,0,0
1093,2025-07-01 18:12:00,DEBUG,AuthService,77,155,4,0,0
1094,2025-07-01 18:13:00,DEBUG,AuthService,75,157,4,0,0
1095,2025-07-01 18:14:00,DEBUG,OrderProcessor,81,157,4,0,0
1096,2025-07-01 18:15:00,DEBUG,PaymentAPI,84,165,4,0,0
1097,2025-07-01 18:16:00,WARN,AuthService,69,163,4,0,0
1098,2025-07-01 18:17:00,INFO,OrderProcessor,74,156,4,0,0
1099,2025-07-01 18:18:00,DEBUG,UserService,80,166,4,0,0
1100,2025-07-01 18:19:00,INFO,PaymentAPI,87,167,5,0,0
1101,2025-07-01 18:20:00,INFO,PaymentAPI,79,163,4,0,0
1102,2025-07-01 18:21:00,INFO,AuthService,84,157,4,0,0
1103,2025-07-01 18:22:00,INFO,PaymentAPI,79,165,4,0,0
1104,2025-07-01 18:23:00,DEBUG,OrderProcessor,80,157,4,0,0
1105,2025-07-01 18:24:00,DEBUG,OrderProcessor,84,155,4,0,0
1106,2025-07-01 18:25:00,DEBUG,AuthService,75,153,5,0,0
1107,2025-07-01 18:26:00,DEBUG,AuthService,79,158,4,0,0
1108,2025-07-01 18:27:00,DEBUG,AuthService,76,164,4,0,0
1109,2025-07-01 18:28:00,DEBUG,OrderProcessor,77,164,4,0,0
1110,2025-07-01 18:29:00,INFO,PaymentAPI,84,159,4,0,0
1111,2025-07-01 18:30:00,INFO,AuthService,102,173,4,0,0
1112,2025-07-01 18:31:00,INFO,AuthService,117,177,5,0,0
1113,2025-07-01 18:32:00,INFO,OrderProcessor,122,196,6,0,0
1114,2025-07-01 18:33:00,DEBUG,PaymentAPI,164,199,7,0,0
1115,2025-07-01 18:34:00,WARN,PaymentAPI,198,230,10,0,0
1116,2025-07-01 18:35:00,WARN,AuthService,260,266,13,0,0
1117,2025-07-01 18:36:00,WARN,UserService,366,340,18,0,0
1118,2025-07-01 18:37:00,INFO,UserService,518,423,24,0,0
1119,2025-07-01 18:38:00,WARN,PaymentAPI,753,565,36,0,0
1120,2025-07-01 18:39:00,INFO,OrderProcessor,1095,779,52,0,0
1121,2025-07-01 18:40:00,ERROR,PaymentAPI,1084,782,52,1,1
1122,2025-07-01 18:41:00,DEBUG,PaymentAPI,81,161,4,0,0
1123,2025-07-01 18:42:00,DEBUG,UserService,88,161,4,0,0
1124,2025-07-01 18:43:00,INFO,AuthService,72,159,4,0,0
1125,2025-07-01 18:44:00,INFO,OrderProcessor,79,148,4,0,0
1126,2025-07-01 18:45:00,INFO,AuthService,78,158,4,0,0
1127,2025-07-01 18:46:00,INFO,OrderProcessor,82,160,4,0,0
1128,2025-07-01 18:47:00,INFO,OrderProcessor,88,158,4,0,0
1129,2025-07-01 18:48:00,INFO,OrderProcessor,74,160,4,0,0
1130,2025-07-01 18:49:00,DEBUG,OrderProcessor,86,156,4,0,0
1131,2025-07-01 18:50:00,DEBUG,AuthService,85,157,4,0,0
1132,2025-07-01 18:51:00,INFO,PaymentAPI,86,168,4,0,0
1133,2025-07-01 18:52:00,DEBUG,UserService,76,158,4,0,0
1134,2025-07-01 18:53:00,DEBUG,OrderProcessor,84,157,4,0,0
1135,2025-07-01 18:54:00,INFO,AuthService,83,160,3,0,0
1136,2025-07-01 18:55:00,DEBUG,AuthService,83,155,4,0,0
1137,2025-07-01 18:56:00,WARN,PaymentAPI,86,163,4,0,0
1138,2025-07-01 18:57:00,INFO,PaymentAPI,81,156,4,0,0
1139,2025-07-01 18:58:00,WARN,AuthService,77,162,4,0,0
1140,2025-07-01 18:59:00,INFO,PaymentAPI,79,157,4,0,0
1141,2025-07-01 19:00:00,INFO,AuthService,77,158,4,0,0
1142,2025-07-01 19:01:00,INFO,OrderProcessor,83,158,4,0,0
1143,2025-07-01 19:02:00,DEBUG,OrderProcessor,89,161,4,0,0
1144,2025-07-01 19:03:00,INFO,OrderProcessor,87,164,4,0,0
1145,2025-07-01 19:04:00,INFO,OrderProcessor,88,166,4,0,0
1146,2025-07-01 19:05:00,INFO,AuthService,85,163,4,0,0
1147,2025-07-01 19:06:00,INFO,AuthService,65,162,4,0,0
1148,2025-07-01 19:07:00,DEBUG,PaymentAPI,83,158,4,0,0
1149,2025-07-01 19:08:00,DEBUG,OrderProcessor,79,168,4,0,0
1150,2025-07-01 19:09:00,DEBUG,UserService,86,163,3,0,0
1151,2025-07-01 19:10:00,WARN,UserService,97,179,4,0,0
1152,2025-07-01 19:11:00,DEBUG,UserService,114,186,4,0,0
1153,2025-07-01 19:12:00,DEBUG,PaymentAPI,118,208,5,0,0
1154,2025-07-01 19:13:00,DEBUG,OrderProcessor,156,234,5,0,0
1155,2025-07-01 19:14:00,DEBUG,UserService,191,264,5,0,0
1156,2025-07-01 19:15:00,WARN,AuthService,254,320,6,0,0
1157,2025-07-01 19:16:00,WARN,AuthService,350,409,7,0,0
1158,2025-07-01 19:17:00,INFO,OrderProcessor,496,549,9,0,0
1159,2025-07-01 19:18:00,WARN,PaymentAPI,710,757,12,0,0
1160,2025-07-01 19:19:00,INFO,PaymentAPI,1047,1064,16,0,0
1161,2025-07-01 19:20:00,ERROR,AuthService,1051,1054,15,1,1
1162,2025-07-01 19:21:00,INFO,UserService,72,162,4,0,0
1163,2025-07-01 19:22:00,DEBUG,AuthService,89,160,4,0,0
1164,2025-07-01 19:23:00,DEBUG,OrderProcessor,84,158,4,0,0
1165,2025-07-01 19:24:00,INFO,AuthService,85,167,4,0,0
1166,2025-07-01 19:25:00,WARN,UserService,82,158,4,0,0
1167,2025-07-01 19:26:00,DEBUG,UserService,81,156,4,0,0
1168,2025-07-01 19:27:00,INFO,OrderProcessor,80,155,4,0,0
1169,2025-07-01 19:28:00,DEBUG,PaymentAPI,76,160,4,0,0
1170,2025-07-01 19:29:00,DEBUG,OrderProcessor,92,159,4,0,0
1171,2025-07-01 19:30:00,INFO,UserService,80,158,4,0,0
1172,2025-07-01 19:31:00,INFO,AuthService,83,161,4,0,0
1173,2025-07-01 19:32:00,INFO,PaymentAPI,78,161,4,0,0
1174,2025-07-01 19:33:00,DEBUG,OrderProcessor,94,165,4,0,0
1175,2025-07-01 19:34:00,INFO,OrderProcessor,83,158,4,0,0
1176,2025-07-01 19:35:00,DEBUG,UserService,77,165,4,0,0
1177,2025-07-01 19:36:00,INFO,OrderProcessor,74,159,4,0,0
1178,2025-07-01 19:37:00,DEBUG,AuthService,76,159,4,0,0
1179,2025-07-01 19:38:00,DEBUG,PaymentAPI,68,159,4,0,0
1180,2025-07-01 19:39:00,DEBUG,PaymentAPI,69,165,4,0,0
1181,2025-07-01 19:40:00,WARN,UserService,87,155,4,0,0
1182,2025-07-01 19:41:00,ERROR,OrderProcessor,83,158,4,1,1
1183,2025-07-01 19:42:00,ERROR,UserService,79,167,4,1,1
1184,2025-07-01 19:43:00,INFO,UserService,94,166,4,0,0
1185,2025-07-01 19:44:00,DEBUG,OrderProcessor,90,158,5,0,0
1186,2025-07-01 19:45:00,INFO,AuthService,76,162,4,0,0
1187,2025-07-01 19:46:00,INFO,PaymentAPI,74,161,4,0,0
1188,2025-07-01 19:47:00,DEBUG,OrderProcessor,72,159,4,0,0
1189,2025-07-01 19:48:00,DEBUG,OrderProcessor,78,162,4,0,0
1190,2025-07-01 19:49:00,DEBUG,PaymentAPI,68,162,4,0,0
1191,2025-07-01 19:50:00,INFO,PaymentAPI,78,155,4,0,0
1192,2025-07-01 19:51:00,INFO,UserService,78,157,4,0,0
1193,2025-07-01 19:52:00,DEBUG,UserService,88,157,4,0,0
1194,2025-07-01 19:53:00,DEBUG,OrderProcessor,80,157,4,0,0
1195,2025-07-01 19:54:00,DEBUG,UserService,79,159,4,0,0
1196,2025-07-01 19:55:00,INFO,AuthService,81,158,4,0,0
1197,2025-07-01 19:56:00,WARN,AuthService,88,156,4,0,0
1198,2025-07-01 19:57:00,INFO,PaymentAPI,76,156,4,0,0
1199,2025-07-01 19:58:00,DEBUG,UserService,92,156,4,0,0
1200,2025-07-01 19:59:00,INFO,OrderProcessor,77,161,4,0,0
